PrimaryOrg,ExtraOrg,OrgType,webpage
Adopt-a-Stream Foundation,,NGO,http://www.streamkeeper.org/aasf/Welcome.html
Association of Washington Cities,,City_Gov,http://www.awcnet.org/
Bainbridge Beach Naturalists,,Local_Advocacy,http://www.sustainablebainbridge.org/bainbridge-beach-naturalists.aspx
Bainbridge Island Watershed Council,,Local_Commission,http://www.biwatershedcouncil.org/
BEACH Program,,Local_Outreach/Ed,http://www.ecy.wa.gov/programs/eap/beach/index.html
Chambers/Clover Watershed Council,,Local_Commission,http://www.piercecountywa.org/ccwc
Chico Creek Task Force,,Local_Advocacy,http://www.chicocreektaskforce.org/
Citizens for a Healthy Bay,,Local_Advocacy,http://www.healthybay.org/
City of Arlington,,City_Gov,http://www.arlingtonwa.gov/
City of Bainbridge Island,,City_Gov,http://www.ci.bainbridge-isl.wa.us/
City of Bellevue,,City_Gov,http://www.ci.bellevue.wa.us/
City of Bellingham,,City_Gov,http://www.cob.org/
City of Bellingham,Surface and Stormwater Utility,City_Gov,http://www.cob.org/services/utilities/surface-storm
City of Bonney Lake,,City_Gov,http://www.ci.bonney-lake.wa.us/
City of Bothell,,City_Gov,http://www.bothellwa.gov/
City of Bremerton,,City_Gov,http://www.ci.bremerton.wa.us/
City of Edmonds,,City_Gov,http://www.edmondswa.gov/
City of Everett,Public Works,City_Gov,http://www.everettwa.gov/325/Public-Works
City of Everett,,City_Gov,http://www.everettwa.gov/
City of Gig Harbor,,City_Gov,http://www.cityofgigharbor.net/
City of Kirkland,,City_Gov,http://www.kirklandwa.gov/
City of Lake Stevens,,City_Gov,http://www.lakestevenswa.gov/
City of Mill Creek,,City_Gov,http://www.cityofmillcreek.com/
City of Milton,,City_Gov,http://www.cityofmilton.net/
City of Mukilteo,,City_Gov,http://mukilteowa.gov/
City of Newcastle,,City_Gov,http://www.ci.newcastle.wa.us/
City of Oak Harbor,,City_Gov,http://www.oakharbor.org/
City of Olympia,,City_Gov,http://olympiawa.gov/
City of Orting,,City_Gov,http://cityoforting.org/
City of Port Angeles,,City_Gov,http://wa-portangeles.civicplus.com/
City of Puyallup,,City_Gov,http://www.cityofpuyallup.org/
City of Redmond,,City_Gov,http://www.redmond.gov/
City of Sammamish,,City_Gov,http://www.sammamish.us/
City of SeaTac,,City_Gov,http://www.ci.seatac.wa.us/
City of Seattle,Restore Our Waters Program,City_Gov,http://www.seattle.gov/util/restoreourwaters/
City of Seattle,,City_Gov,http://www.seattle.gov/
City of Seattle,Public Utilities Restore Our Waters,City_Gov,http://www.seattle.gov/util/restoreourwaters/
City of Seattle,Public Utilities,City_Gov,http://www.seattle.gov/util/
City of Sequim,,City_Gov,http://www.sequimwa.gov/
City of Snohomish,,City_Gov,http://ci.snohomish.wa.us/
City of Tumwater,,City_Gov,http://www.ci.tumwater.wa.us/
Clallam Conservation District,,Special_District,http://clallamcd.org/
Clallam County,Department of Community Development,County_Gov,http://www.clallam.net/dcd/
Clallam County,,County_Gov,http://www.clallam.net/
Clallam County Streamkeepers,,Local_Advocacy,http://www.clallam.net/SK/
Coupeville Middle School,,Local_Outreach/Ed,http://coupeville.k12.wa.us/schools/coupeville-middle-school/
"Dumas & Associates, Inc.",,Consulting,http://www.dumas-assoc.com/
ENVIRON,,Consulting,http://www.ramboll.com/
Environmental Coaliton of South Seattle,,Local_Advocacy,http://www.ecoss.org/
Environmental Science Associates,,Consulting,http://www.esassoc.com/
Feet First,,Regional_Advocacy,http://www.feetfirst.org/
Feiro Marine Life Center,,Local_Outreach/Ed,http://feiromarinelifecenter.org/
Friends of Freeland,,Local_Advocacy,http://www.friendsoffreeland.org/
Friends of North Creek Forest,,Local_Advocacy,http://www.friendsnorthcreekforest.org/
Friends of the Issaquah Salmon Hatchery,,Local_Advocacy,http://www.issaquahfish.org/
Friends of the San Juans,,Local_Advocacy,http://www.sanjuans.org/
Futurewise,,Regional_Advocacy,http://www.futurewisewa.org/
Great Peninsula Conservancy,,Local_Advocacy,http://www.greatpeninsula.org/
Greenfleet Monitoring Expeditions,,Local_Outreach/Ed,http://greenfleetme.org/
HCCC,,Local_Commission,http://hccc.wa.gov/
Hood Canal Salmon Enhancement,,Local_Commission,http://pnwsalmoncenter.org/
Island County,,County_Gov,http://www.islandcountywa.gov/Pages/Home.aspx
Island County Water Resources Advisory Committee,,Local_Commission,http://www.islandcountywa.gov/Health/DNR/WRAC/Pages/Home.aspx
Island Salmon Recovery Lead Entity,,Local_Commission,http://www.ecy.wa.gov/water/wria/06.html
Jamestown S'Klallam Tribe,,Tribe,http://www.jamestowntribe.org/
Jefferson County,Department of Community Development,County_Gov,http://www.co.jefferson.wa.us/commdevelopment/AboutDCD.htm
Jefferson County,Environmental Health,County_Gov,http://www.jeffersoncountypublichealth.org/index.php?environmental
Jefferson County,,County_Gov,http://www.co.jefferson.wa.us/Default.htm
Jefferson MRC,,Local_Commission,http://www.jeffersonmrc.org/
King Conservation District,,Special_District,http://kingcd.org/
King County,DNR,County_Gov,http://www.kingcounty.gov/depts/dnrp.aspx
King County,,County_Gov,http://www.kingcounty.gov/
Kitsap Conservation District,,Special_District,http://kingcd.org/
Kitsap County,Public Works Surface and Stormwater Management Program,County_Gov,http://www.kitsapgov.com/sswm/
Kitsap County,Surface and Stormwater Management,County_Gov,http://www.kitsapgov.com/sswm/
Kitsap County,,County_Gov,http://www.kitsapgov.com/
Kitsap County,DCD/Natural Resources,County_Gov,http://www.kitsapgov.com/dcd/nr/nr.htm
Kitsap County,Solid Waste Division,County_Gov,http://www.kitsapgov.com/sw/
Kitsap Public Health District,,Special_District,http://www.kitsappublichealth.org/
Kitsap PUD,,Special_District,http://www.kpud.org/
LakeWhatcom.org,,Local_Advocacy,http://lakewhatcom.org/
Long Live the Kings,,NGO,http://www.lltk.org/
LOTT Clean Water Alliance,,Local_Commission,http://www.lottcleanwater.org/
Lummi Tribe,Natural Resources Department,Tribe,http://www.lummi-nsn.org/
Mason Conservation District,,Special_District,http://www.masoncd.org/
Mason County,,County_Gov,http://www.co.mason.wa.us/
Mason County,Public Health,County_Gov,http://www.co.mason.wa.us/health/
Mason County,Public Health,County_Gov,http://www.co.mason.wa.us/health/
National Park Service,Olympic National Park,Federal_Agency,http://www.nps.gov/olym/index.htm
NatureBridge,,Local_Outreach/Ed,http://naturebridge.org/olympic
Newcastle Weed Warriors,,Local_Advocacy,http://www.weedwarriors.us/
Nisqually Land Trust,,Parks_Reserves,http://nisquallylandtrust.org/
Nisqually River Council,,Local_Advocacy,http://nisquallyriver.org/
Nisqually River Foundation,,Local_Advocacy,http://nisquallyriver.org/who-we-are/nisqually-river-foundation/
Nisqually Tribe,,Tribe,http://www.nisqually-nsn.gov/
NMFS,,Federal_Agency,http://www.nmfs.noaa.gov/
NMFS,Habitat Consv Division,Federal_Agency,http://www.habitat.noaa.gov/
NOAA,B-WET/Olympic Coast NMS,Federal_Agency,http://olympiccoast.noaa.gov/ocean_literacy/bwet.html
NOAA,,Federal_Agency,http://www.westcoast.fisheries.noaa.gov/
Nooksack Salmon Enhancement Association,,Local_Advocacy,http://www.n-sea.org/
Nooksack Tribe,Natural Resources,Tribe,http://nooksacktribe.org/departments/natural-resources/
North Olympic Land Trust,,Parks_Reserves,http://northolympiclandtrust.org/
North Olympic Timber Action Committee,,NR_Industry,http://www.notac.org/
Northern Economics,,Consulting,http://northerneconomics.com/
Northwest Indian College,,University_Research,http://www.nwic.edu/
Northwest Straits Commission,,Regional_Commission,http://www.nwstraits.org/
NOSC,,Local_Commission,http://nosc.org/
NPS,San Juan Island National Historic Park,Parks_Reserves,http://www.nps.gov/sajh/index.htm
NWFSC,,Federal_Agency,http://www.nwfsc.noaa.gov/
NWIFC,,Regional_Commission,http://nwifc.org/
Olympic Outdoor Center,,Local_Outreach/Ed,http://www.olympicoutdoorcenter.com/
OrcaNet,,NGO,http://www.orcanetwork.org/Main/
Padilla Bay National Estuarine Research Reserve,,Parks_Reserves,http://www.padillabay.gov/
Pierce Conservation District,,Special_District,http://www.piercecountycd.org/
Pierce County,Surface Water Management,County_Gov,http://www.co.pierce.wa.us/index.aspx?NID=1857
PNNL,,Federal_Agency,http://www.pnnl.gov/
Point Defiance Zoo & Aquarium,,Local_Outreach/Ed,http://www.pdza.org/
Point No Point Treaty Council,,Tribe,http://www.pnptc.org/
Port of Tacoma,,Special_District,http://portoftacoma.com/
Port Townsend Marine Science Center,,Local_Outreach/Ed,http://www.ptmsc.org/
PSP,,State_Agency,http://www.psp.wa.gov/
PSP Leadership Council,,State_Agency,http://www.psp.wa.gov/LC_about.php
Puget Sound Institute,,University_Research,http://www.tacoma.uw.edu/center-urban-waters/puget-sound-institute-social-links
Puget Soundkeeper Alliance ,,Local_Advocacy,http://www.pugetsoundkeeper.org/
Puyallup Tribe,,Tribe,http://www.puyallup-tribe.com
Resource Media,,NGO,http://www.resource-media.org/
Salmon Recovery Funding Board,,Regional_Commission,http://www.rco.wa.gov/boards/srfb.shtml
San Juan County,,County_Gov,http://sanjuanco.com/
San Juan County Land Bank,,County_Gov,http://sjclandbank.org/
San Juan County Water Resources Management Committee,,Local_Commission,http://www.sanjuanco.com/440/Water-Resource-Management-Committee
San Juan ECO Net,,Local_Advocacy,http://stewardshipsanjuans.org/
San Juan MRC,,Local_Commission,http://www.sjcmrc.org/
SeaDoc Society,,University_Research,http://www.seadocsociety.org/
Seattle Aquarium,,Local_Outreach/Ed,http://www.seattleaquarium.org/
Seattle Audubon,,NGO,http://www.seattleaudubon.org
Sierra Club,North Olympic Group,NGO,http://www.sierraclub.org/washington/north-olympic
Sierra Club,,NGO,http://www.sierraclub.org/
Skagit Conservation District,,Special_District,http://www.skagitcd.org/
Skagit County,,County_Gov,http://www.skagitcounty.net
Skagit County,Public Health,County_Gov,http://www.skagitcounty.net/Departments/Health
Skagit County,Planning and Development Services,County_Gov,http://www.skagitcounty.net/Departments/PlanningAndPermit
Skagit Fisheries Enhancement,,Local_Commission,http://www.skagitfisheries.org/
Skagit Land Trust,,Parks_Reserves,http://www.skagitlandtrust.org/
Skagit MRC,,Local_Commission,http://www.skagitmrc.org/
Skagit River System Cooperative,,Tribe,http://skagitcoop.org/
Skagit Tribe,,Tribe,http://upperskagit.nsopw.gov
Skokomish Tribe,,Tribe,http://www.skokomish.org/
Snohomish Conservation District,,Special_District,http://snohomishcd.org/
Snohomish County,,County_Gov,http://snohomishcountywa.gov/
Snohomish County,Surface Water Management,County_Gov,http://snohomishcountywa.gov/208/Surface-Water-Management
Snohomish MRC,,Local_Commission,http://www.snocomrc.org/
Snoqualmie Watershed Forum,,Local_Commission,http://www.govlink.org/watersheds/7/
Sound Experience,,Local_Outreach/Ed,http://www.soundexp.org/
Sound Salmon Solutions,,Local_Advocacy,http://www.soundsalmonsolutions.org/
South Puget Sound Salmon Enhancement,,Local_Commission,http://spsseg.org/
South Sound LIO,,Local_Commission,http://www.healthysouthsound.org/
South Whidbey Tilth,,Local_Advocacy,http://www.southwhidbeytilth.org/
Southwest Fisheries Science Center,,Federal_Agency,http://swfsc.noaa.gov/
SPU,Camp Casey,University_Research,http://www.gocampcasey.org/
Stanford,,University_Research,http://www.stanford.edu/
Stewardship Partners,,Regional_Advocacy,http://www.stewardshippartners.org/
Still Hope Productions,,Consulting,http://stillhopeproductions.weebly.com/
Stillaguamish Clean Water District,,Local_Commission,http://snohomishcountywa.gov/169/CWD-Advisory-Board
Stillaguamish Tribe,Natural Resources,Tribe,http://www.stillaguamish.com/naturalresources.asp
Stillaguamish Tribe,,Tribe,http://www.stillaguamish.com/
Stillaguamish Watershed Council,,Local_Commission,http://www.stillaguamishwatershed.org/
Stillwaters Environmental Education Center,,Local_Outreach/Ed,http://www.stillwatersenvironmentalcenter.org/
Suquamish Tribe,,Tribe,http://www.suquamish.nsn.us/
Surfrider Foundation,,NGO,http://www.surfrider.org/
Taylor Shellfish Farms,,NR_Industry,http://www.taylorshellfishfarms.com/
The Nature Conservancy,,NGO,http://www.nature.org/
Thurston Conservation District,,Special_District,http://www.thurstoncd.com/
Thurston County,Public Health,County_Gov,http://www.co.thurston.wa.us/health/
Thurston County,Board of Commissioners,County_Gov,http://www.co.thurston.wa.us/bocc/
Thurston County,,County_Gov,http://www.co.thurston.wa.us
Trout Unlimited,,NGO,http://www.tu.org/
Urban Wilderness Project,,Local_Outreach/Ed,http://www.urbanwildernessproject.org/
US Navy,,Federal_Agency,http://www.navy.mil/
USACOE,,Federal_Agency,http://www.usace.army.mil/
USCG,,Federal_Agency,http://www.uscg.mil/
USDA,,Federal_Agency,http://www.usda.gov
USEPA,,Federal_Agency,http://www3.epa.gov/
USFS,,Federal_Agency,http://www.fs.fed.us/
USFWS,,Federal_Agency,http://www.fws.gov/
USFWS,Nisqually NWR/Ducks Unlimited,Federal_Agency,http://www.fws.gov/refuge/billy_frank_jr_nisqually/
UW,,University_Research,http://www.washington.edu/
UW Tacoma,,University_Research,http://www.tacoma.uw.edu/
Vashon Beach Naturalists,,Local_Outreach/Ed,http://vashonnaturecenter.org
WA State Association of Counties,,County_Gov,http://www.wsac.org/
Washington Environmental Council,,Regional_Commission,http://wecprotects.org/
Washington Sea Grant,,University_Research,http://wsg.washington.edu/
Washington Trollers Association,,NR_Industry,http://www.washingtontrollers.org/
Water Tenders,,Local_Advocacy,http://www.watertenders.org/
WDFW,,State_Agency,http://wdfw.wa.gov/
WDNR,,State_Agency,http://www.dnr.wa.gov/
WDOE,Hazardous Waste & Toxics Reduction Program,State_Agency,http://www.ecy.wa.gov/programs/hwtr/
WDOE,,State_Agency,http://www.ecy.wa.gov/
WDOH,,State_Agency,http://www.doh.wa.gov/
West Sound Watershed Council,,Local_Commission,http://www.westsoundwatersheds.org/
Whatcom County,Health Department,County_Gov,http://www.whatcomcounty.us/360/Health-Department
Whatcom County,Public Works,County_Gov,http://www.co.whatcom.wa.us/308/Public-Works
Whatcom ECO Net,WWIN,Local_Advocacy,http://www.whatcomwin.org/
Whatcom MRC,,Local_Commission,http://www.mrc.whatcomcounty.org/
Whidbey Conservation District,,Special_District,http://www.whidbeycd.org/
Whidbey Environmental Action Network,,Local_Advocacy,http://www.whidbeyenvironment.org
Whidbey/Camano Land Trust,,Parks_Reserves,http://www.wclt.org/
Wild Fish Conservancy,,NGO,http://wildfishconservancy.org/
Wolf Hollow Wildlife Rehabilitation Center,,Local_Outreach/Ed,http://wolfhollowwildlife.org/
WRIA 10/12,Lead Entity,Local_Commission,http://www.co.pierce.wa.us/index.aspx?NID=2873
WRIA 2 TAG,,Local_Commission,http://www.sanjuanlio.com
WRIA 8,,Local_Commission,http://www.govlink.org/watersheds/8/default.aspx
WRIA 8,PSSRC,Local_Commission,http://www.govlink.org/watersheds/8/committees/default.aspx
WRIA 9,,Local_Commission,http://www.govlink.org/watersheds/9/
WRIA 9,Watershed Ecosystem Forum,Special_District,http://www.govlink.org/watersheds/9/committees/WEF.aspx
WSP,Deception Pass,Parks_Reserves,http://parks.state.wa.us/497/Deception-Pass
WSUX,,University_Research,http://extension.wsu.edu/
WSUX Beachwatchers,Island County,Local_Advocacy,http://ext100.wsu.edu/island/
WSUX Beachwatchers,,Local_Advocacy,http://ext100.wsu.edu/water/
WSUX CarbonMasters,,Regional_Advocacy,http://carbonmasters.wsu.edu/
WSUX Clallam,,University_Research,http://ext100.wsu.edu/clallam/
WSUX Island Waste Wise,,Local_Outreach/Ed,http://ext100.wsu.edu/island/nrs/waste-wise/
WSUX Jefferson,,University_Research,http://ext100.wsu.edu/jefferson/
WSUX Kitsap,,University_Research,http://ext100.wsu.edu/kitsap/
WSUX Mason,,University_Research,http://ext100.wsu.edu/mason/
WWU,,University_Research,http://www.wwu.edu/
WWU/Huxley College on the Peninsulas,,University_Research,http://huxley.wwu.edu/
