City of Bainbridge Island,WDOE,2
City of Bellevue,King County,16
City of Bellevue,WRIA 8,1
City of Bellevue,WDOE,5
City of Bellevue,UW,1
City of Bellevue,USEPA,2
City of Bellingham,Whatcom County,1
City of Bellingham,Skagit County,1
City of Bellingham,WWU,2
City of Bellingham,USEPA,1
City of Bellingham,Northwest Indian College,1
City of Bonney Lake,Pierce County,11
City of Bonney Lake,NOAA,1
City of Bonney Lake,WDOH,1
City of Bremerton,Kitsap County,1
City of Bremerton,Kitsap Public Health District,2
City of Bremerton,US Navy,1
City of Edmonds,Snohomish County,2
City of Edmonds,WDOH,2
City of Edmonds,NOAA,1
City of Edmonds,UW,2
City of Gig Harbor,Pierce County,1
City of Gig Harbor,Association of Washington Cities,3
City of Kent,King County,17
City of Kirkland,King County,180
City of Kirkland,City of Bellevue,2
City of Kirkland,City of Seattle,1
City of Kirkland,WDFW,1
City of Kirkland,City of Redmond,1
City of Mill Creek,WDOE,4
City of Mill Creek,USEPA,1
City of Mill Creek,PSP,1
City of Mill Creek,WDFW,1
City of Milton,Pierce County,6
City of Milton,King County,5
City of Milton,City of Puyallup,2
City of Milton,WDOE,6
City of Milton,City of Seattle,4
City of Milton,WDFW,1
City of Milton,Thurston County,1
City of Milton,Pierce Conservation District,1
City of Milton,Citizens for a Healthy Bay,1
City of Milton,PSP,1
City of Newcastle,King County,17
City of Newcastle,City of Seattle,2
City of Newcastle,City of Bellevue,1
City of Oak Harbor,NOAA,1
City of Oak Harbor,US Navy,1
City of Oak Harbor,WDOH,1
City of Olympia,Thurston County,3
City of Olympia,City of Lacey,1
City of Olympia,City of Tumwater,1
City of Orting,Pierce County,6
City of Orting,WDOH,1
City of Poulsbo,Kitsap County,105
City of Poulsbo,WWU,4
City of Poulsbo,WDOE,1
City of Puyallup,NPS,1
City of Puyallup,UW Tacoma,1
City of Puyallup,King County,1
City of Puyallup,WDOE,3
City of Puyallup,Pierce County,84
City of Puyallup,WDOH,3
City of Puyallup,WDFW,5
City of Puyallup,USDA,3
City of Puyallup,USEPA,1
City of Puyallup,NOAA,1
City of Redmond,King County,103
City of Redmond,City of Seattle,5
City of Redmond,WDOE,7
City of Redmond,PSP,1
City of Redmond,USEPA,4
City of Redmond,NOAA,1
City of Redmond,USFWS,2
City of Redmond,WRIA 8,3
City of Redmond,WDFW,3
City of Redmond,City of Bellevue,3
City of Redmond,Pierce County,1
City of Redmond,UW,1
City of Sammamish,King County,256
City of Sammamish,UW,2
City of Sammamish,WDOH,1
City of Sammamish,City of Kirkland,1
City of Sammamish,WDFW,5
City of Sammamish,WDNR,1
City of Sammamish,WDOE,17
City of Sammamish,USEPA,17
City of Sammamish,USDA,2
City of Sammamish,King Conservation District,2
City of Sammamish,Stewardship Partners,1
City of Sammamish,PSP,1
City of Sammamish,Washington Sea Grant,1
City of Sammamish,NOAA,2
City of Sammamish,City of Seattle,1
City of Sammamish,WSUX,1
City of Seattle,UW,2
City of Seattle,King County,37
City of Seattle,Seattle Aquarium,3
City of Sequim,Clallam County,1
Clallam County,WDOH,11
Clallam County,WDFW,4
Clallam County,City of Sequim,1
Clallam County,Port of Port Angeles,1
Clallam County,National Park Service,2
Clallam County,NPS,3
Clallam County,USDA,3
Clallam County,NOAA,2
Clallam County,City of Port Angeles,1
Clallam County,WDOE,6
Clallam County,USEPA,2
Clallam County,WDNR,1
Clallam County,UW,2
Clallam County,Clallam County Streamkeepers,4
Clallam County,WRCO,1
Clallam County,Clallam Conservation District,1
Clallam County,Feiro Marine Life Center,1
Clallam County,NOSC,1
Clallam County,North Olympic Land Trust,1
Clallam County,USFS,1
Clallam County,PSP,2
Clallam County,NWIFC,1
Clallam County Streamkeepers,Clallam County,92
Clallam County Streamkeepers,WDOE,5
Clallam County Streamkeepers,WRCO,1
Clallam County Streamkeepers,WDFW,3
Clallam County Streamkeepers,Clallam Conservation District,1
Clallam County Streamkeepers,Feiro Marine Life Center,1
Clallam County Streamkeepers,NOSC,1
Clallam County Streamkeepers,North Olympic Land Trust,1
Clallam County Streamkeepers,USFS,1
Clallam County Streamkeepers,NOAA,1
Clallam County Streamkeepers,NPS,1
Clallam County Streamkeepers,PSP,2
Clallam County Streamkeepers,USEPA,1
Clallam County Streamkeepers,NWIFC,1
Environmental Coaliton of South Seattle,City of Seattle,2
Feet First,City of Bellevue,40
Feet First,City of Seattle,54
Feet First,King County,4
Feiro Marine Life Center,Clallam County,5
Feiro Marine Life Center,Clallam County Streamkeepers,1
Feiro Marine Life Center,City of Port Angeles,4
Feiro Marine Life Center,NOAA,35
Feiro Marine Life Center,NOSC,2
Feiro Marine Life Center,National Park Service,2
Feiro Marine Life Center,NPS,2
Feiro Marine Life Center,UW,2
Feiro Marine Life Center,WDFW,2
Feiro Marine Life Center,City of Sequim,1
Feiro Marine Life Center,WDOE,1
Feiro Marine Life Center,USEPA,1
Feiro Marine Life Center,Jamestown S'Klallam Tribe,1
Feiro Marine Life Center,PSP,1
Friends of North Creek Forest,Tulalip Tribe,1
Friends of North Creek Forest,UW,7
Friends of North Creek Forest,Sierra Club,1
Friends of North Creek Forest,Adopt-a-Stream Foundation,2
Friends of North Creek Forest,National Wildlife Federation,1
Friends of North Creek Forest,King County,1
Friends of the Issaquah Salmon Hatchery,WDFW,3
Friends of the San Juans,San Juan MRC,4
Friends of the San Juans,NOAA,2
Friends of the San Juans,WDFW,3
Friends of the San Juans,National Wildlife Federation,1
Friends of the San Juans,WDNR,4
Friends of the San Juans,WDOE,4
Friends of the San Juans,San Juan County,1
Friends of the San Juans,RE Sources,1
Friends of the San Juans,Sierra Club,1
Great Peninsula Conservancy,Kitsap County,2
Great Peninsula Conservancy,USDA,1
Great Peninsula Conservancy,Pierce Conservation District,1
Great Peninsula Conservancy,Stillwaters Environmental Education Center,1
Harbor Wildwatch,WSP,1
HCCC,Jefferson County,2
HCCC,Kitsap County,2
HCCC,Mason County,2
HCCC,Skokomish Tribe,2
HCCC,PSP,6
HCCC,WRCO,1
HCCC,WDOE,1
Hood Canal Salmon Enhancement,NOAA,2
Hood Canal Salmon Enhancement,PSP,3
Hood Canal Salmon Enhancement,USFWS,1
Hood Canal Salmon Enhancement,WDOE,2
Hood Canal Salmon Enhancement,WDFW,2
Hood Canal Salmon Enhancement,WRCO,2
Hood Canal Salmon Enhancement,Jamestown S'Klallam Tribe,1
Hood Canal Salmon Enhancement,NWIFC,2
Hood Canal Salmon Enhancement,Skokomish Tribe,1
Hood Canal Salmon Enhancement,Suquamish Tribe,1
Hood Canal Salmon Enhancement,Point No Point Treaty Council,1
Hood Canal Salmon Enhancement,Jefferson Conservation District,1
Hood Canal Salmon Enhancement,Kitsap Conservation District,1
Hood Canal Salmon Enhancement,Long Live the Kings,1
Hood Canal Salmon Enhancement,Mason Conservation District,1
Hood Canal Salmon Enhancement,HCCC,2
Hood Canal Salmon Enhancement,NWFSC,1
Hood Canal Salmon Enhancement,WDOH,1
Indigenous Education Institute,Stanford,1
Island MRC,Northwest Straits Commission,32
Island MRC,UW,3
Jamestown S'Klallam Tribe,Point No Point Treaty Council,2
Jamestown S'Klallam Tribe,NWIFC,1
Jamestown S'Klallam Tribe,Port of Port Angeles,1
Jefferson Conservation District,Clallam Conservation District,2
Jefferson Conservation District,Kitsap Conservation District,2
Jefferson Conservation District,WDFW,1
Jefferson County,Jefferson CWDAC,1
Jefferson MRC,Northwest Straits Commission,16
Jefferson MRC,WDFW,1
Jefferson MRC,NOSC,1
King Conservation District,King County,43
King Conservation District,Pierce Conservation District,2
King Conservation District,Pierce County,3
King Conservation District,Puyallup Tribe,1
King Conservation District,PSP,1
King Conservation District,WDNR,1
King Conservation District,City of Seattle,6
King Conservation District,Adopt-a-Stream Foundation,1
King County,WDOH,3
King County,UW,3
King County,WDOE,1
King County,City of Seattle,4
King County,City of Kent,1
King County,City of Kirkland,1
King County,City of SeaTac,2
King County,Pierce County,1
King County,City of Newcastle,2
Kitsap County,West Sound Watershed Council,2
Kitsap County,Kitsap Public Health District,43
Kitsap County,City of Bainbridge Island,2
Kitsap County,City of Bremerton,2
Kitsap County,City of Poulsbo,2
Kitsap County,Kitsap Conservation District,2
Kitsap County,Jefferson County,1
Kitsap County,Mason County,1
Kitsap County,NOAA,1
Kitsap County,WSUX Kitsap,1
Kitsap County,WDOH,1
Kitsap Public Health District,WDOH,216
Kitsap Public Health District,WDOE,2
Kitsap Public Health District,USDA,1
Kitsap Public Health District,WDFW,1
Kitsap Public Health District,USEPA,8
Kitsap Public Health District,Kitsap County,2
Kitsap PUD,Kitsap County,39
Kitsap PUD,WDOH,40
Kitsap PUD,WDOE,36
Kitsap PUD,USEPA,8
LakeWhatcom.org,WDOE,2
Long Live the Kings,WRCO,2
Long Live the Kings,Seattle Aquarium,1
Long Live the Kings,USFWS,6
Long Live the Kings,UW,2
Long Live the Kings,NMFS,2
Long Live the Kings,NOAA,2
Long Live the Kings,PSP,1
Long Live the Kings,WDFW,7
Long Live the Kings,Point No Point Treaty Council,1
Long Live the Kings,Salmon Recovery Funding Board,1
Long Live the Kings,Skokomish Tribe,2
Long Live the Kings,Jefferson County,1
Long Live the Kings,Trout Unlimited,1
Long Live the Kings,Tulalip Tribe,1
LOTT Clean Water Alliance,City of Lacey,5
LOTT Clean Water Alliance,City of Tumwater,5
LOTT Clean Water Alliance,Thurston County,3
LOTT Clean Water Alliance,WDOE,3
LOTT Clean Water Alliance,USEPA,1
LOTT Clean Water Alliance,City of Olympia,1
Lummi Tribe,Northwest Indian College,1
Mason Conservation District,South Puget Sound Salmon Enhancement,3
Mason Conservation District,WDOE,12
Mason Conservation District,Mason County,5
Mason Conservation District,WSUX Jefferson,1
Mason Conservation District,WDFW,3
Mason Conservation District,WRCO,10
Mason Conservation District,UW,2
Mason Conservation District,WDNR,9
Mason Conservation District,Hood Canal Salmon Enhancement,1
Mason County,Mason Conservation District,2
Mason County,WDOH,36
Mason County,NOAA,1
Mason County,WDOE,2
Mason County,WDNR,1
Mason County,USEPA,2
Mason County,Mason County Public Health,1
Mason County Public Health,WDOH,31
Mason County Public Health,Mason County,2
Mason County Public Health,Mason Conservation District,1
Mason County Public Health,WDOE,2
Mason County Public Health,WDNR,1
Mason County Public Health,USEPA,2
National Park Service,NPS,127
National Park Service,NOAA,16
National Park Service,Feiro Marine Life Center,2
National Park Service,NatureBridge,3
National Park Service,WDOE,2
National Park Service,Jamestown S'Klallam Tribe,1
National Park Service,Skokomish Tribe,1
National Park Service,USFS,5
National Park Service,WDNR,1
National Park Service,UW,4
National Park Service,WDFW,2
National Park Service,USDA,2
National Wildlife Federation,USFWS,5
NatureBridge,NPS,12
NatureBridge,National Park Service,1
NatureBridge,USFS,1
NatureBridge,NOAA,1
NatureBridge,Feiro Marine Life Center,1
NatureBridge,National Wildlife Federation,1
NatureBridge,Stanford,1
Newcastle Weed Warriors,King County,15
Newcastle Weed Warriors,King Conservation District,1
Newcastle Weed Warriors,National Wildlife Federation,3
Newcastle Weed Warriors,PSP,2
Newcastle Weed Warriors,City of Newcastle,9
Nisqually Land Trust,Nisqually River Council,1
Nisqually Land Trust,Washington Environmental Council,2
Nisqually River Council,Nisqually River Foundation,125
Nisqually River Council,Nisqually Tribe,5
Nisqually River Council,NPS,1
Nisqually River Council,Stewardship Partners,3
Nisqually River Council,Nisqually Land Trust,4
Nisqually River Foundation,Nisqually River Council,155
Nisqually River Foundation,Nisqually Land Trust,1
Nisqually Tribe,Northwest Indian College,6
Nisqually Tribe,NWIFC,2
Nisqually Tribe,NOAA,2
Nisqually Tribe,Thurston County,3
NMFS,NOAA,4070
NMFS,NWFSC,82
NMFS,Southwest Fisheries Science Center,87
NMFS,UW,1
NMFS,Washington Sea Grant,1
NMFS,USFWS,13
NMFS,USDA,1
NOAA,NMFS,4
North Olympic Land Trust,National Park Service,2
North Olympic Land Trust,NPS,2
North Olympic Land Trust,Clallam County,3
North Olympic Land Trust,Clallam Conservation District,1
North Olympic Land Trust,Jamestown S'Klallam Tribe,1
North Olympic Land Trust,USDA,2
North Olympic Land Trust,NOSC,1
North Olympic Land Trust,PSP,1
North Olympic Land Trust,The Nature Conservancy,1
North Olympic Land Trust,USFWS,1
North Olympic Land Trust,WDFW,1
North Olympic Land Trust,WDNR,1
North Olympic Land Trust,UW,1
North Olympic Land Trust,Washington Sea Grant,1
North Olympic Land Trust,WRCO,1
North Olympic Timber Action Committee,National Park Service,1
North Olympic Timber Action Committee,NPS,1
Northwest Indian College,UW,1
Northwest Indian College,WWU,3
Northwest Indian College,WDOH,1
Northwest Indian College,Lummi Tribe,2
Northwest Indian College,City of Bellingham,1
Northwest Indian College,Nooksack Salmon Enhancement Association,1
Northwest Indian College,NWIFC,1
Northwest Indian College,Jamestown S'Klallam Tribe,1
Northwest Indian College,Nisqually Tribe,4
Northwest Indian College,Nooksack Tribe,1
Northwest Indian College,Puyallup Tribe,1
Northwest Indian College,Skokomish Tribe,1
Northwest Indian College,Tulalip Tribe,1
Northwest Straits Commission,Island MRC,4
Northwest Straits Commission,Whatcom MRC,6
Northwest Straits Commission,PSP,2
Northwest Straits Commission,Jefferson MRC,3
Northwest Straits Commission,Skagit MRC,3
Northwest Straits Commission,WDNR,2
Northwest Straits Commission,WDOE,1
Northwest Straits Commission,NOAA,2
Northwest Straits Commission,WDFW,1
Northwest Straits Commission,NWIFC,1
Northwest Straits Commission,King County,1
NOSC,WDFW,10
NOSC,USFWS,1
NOSC,PSP,1
NOSC,UW,1
NOSC,Washington Sea Grant,1
NOSC,WSUX Jefferson,1
NOSC,HCCC,1
NOSC,NOAA,3
NOSC,WDOE,1
NPS,National Park Service,99
NPS,NOAA,16
NPS,Feiro Marine Life Center,2
NPS,NatureBridge,3
NPS,WDOE,2
NPS,Jamestown S'Klallam Tribe,1
NPS,Skokomish Tribe,1
NPS,USFS,5
NPS,WDNR,1
NPS,UW,4
NPS,WDFW,2
NPS,USDA,2
NWFSC,NMFS,128
NWFSC,NOAA,5729
NWFSC,SeaDoc Society,5
NWFSC,UW,4
NWFSC,Washington Sea Grant,3
NWFSC,USFWS,3
NWIFC,Long Live the Kings,1
NWIFC,NOAA,2
NWIFC,WDFW,3
NWIFC,WDNR,1
NWIFC,WDOE,9
NWIFC,USFWS,1
NWIFC,USEPA,1
NWIFC,USFS,1
NWIFC,WRCO,1
NWIFC,WDOH,1
NWIFC,Lummi Tribe,2
NWIFC,Puyallup Tribe,2
NWIFC,Skokomish Tribe,2
NWIFC,Suquamish Tribe,1
NWIFC,Tulalip Tribe,2
NWIFC,Jamestown S'Klallam Tribe,1
NWIFC,Nisqually Tribe,1
NWIFC,Nooksack Tribe,1
NWIFC,Stillaguamish Tribe,1
Olympic Outdoor Center,NOAA,53
Olympic Outdoor Center,WSP,5
Olympic Outdoor Center,Clallam County,1
OrcaNet,NOAA,4
OrcaNet,NWFSC,1
Padilla Bay National Estuarine Research Reserve,WDOE,22
Padilla Bay National Estuarine Research Reserve,NOAA,22
Padilla Bay National Estuarine Research Reserve,Skagit MRC,2
Padilla Bay National Estuarine Research Reserve,Port Townsend Marine Science Center,1
Padilla Bay National Estuarine Research Reserve,Northwest Straits Commission,1
Padilla Bay National Estuarine Research Reserve,WWU,1
Pierce County,WDFW,2
Pierce County,WDOH,2
Pierce County,PSP,3
Pierce County,WRCO,5
Pierce County,WDOE,2
Pierce County,Pierce Conservation District,1
Pierce County,South Puget Sound Salmon Enhancement,1
Pierce County,Citizens for a Healthy Bay,1
Pierce County,Chambers/Clover Watershed Council,1
PNNL,UW,1
Point Defiance Zoo & Aquarium,NOAA,2
Point Defiance Zoo & Aquarium,Southwest Fisheries Science Center,1
Point Defiance Zoo & Aquarium,USEPA,2
Point Defiance Zoo & Aquarium,WDOE,2
Point Defiance Zoo & Aquarium,WDFW,2
Point Defiance Zoo & Aquarium,National Wildlife Federation,1
Point No Point Treaty Council,NWIFC,22
Point No Point Treaty Council,NOAA,44
Point No Point Treaty Council,WDFW,21
Point No Point Treaty Council,HCCC,3
Point No Point Treaty Council,NMFS,1
Point No Point Treaty Council,USFWS,1
Point No Point Treaty Council,Jamestown S'Klallam Tribe,2
Point No Point Treaty Council,UW,1
Port of Port Angeles,USCG,153
Port of Port Angeles,Clallam County,3
Port of Port Angeles,National Park Service,3
Port of Port Angeles,NPS,3
Port of Port Angeles,Jamestown S'Klallam Tribe,1
Port of Port Angeles,City of Sequim,1
Port Townsend Marine Science Center,NOAA,1
PSP,WDFW,7
PSP,WRCO,21
PSP,USEPA,2
PSP,Whidbey ECO Net,1
PSP,Whatcom ECO Net,1
PSP,HCCC,3
PSP,Friends of the San Juans,1
PSP,San Juan ECO Net,1
PSP,Feiro Marine Life Center,1
PSP,WDOE,18
PSP,NOAA,10
PSP,WRIA 2 TAG,1
PSP,South Puget Sound LIO,2
PSP,Island County,1
PSP,Snohomish County,4
PSP,Snohomish Stillaguamish LIO,1
PSP,NWIFC,3
PSP,WDOH,1
PSP,USCG,1
PSP,San Juan MRC,1
PSP,Skagit Fisheries Enhancement,2
PSP,Nooksack Salmon Enhancement Association,2
PSP,Nooksack Tribe,1
PSP,Skagit River System Cooperative,1
PSP,Stillaguamish Tribe,1
PSP,King County,1
PSP,Island MRC,1
PSP,WRIA 8,1
PSP,King Conservation District,2
PSP,WRIA 9,1
PSP,Pierce County,1
PSP,Puyallup Tribe,1
PSP,South Puget Sound Salmon Enhancement,3
PSP,Nisqually Tribe,1
PSP,Nisqually River Council,1
PSP,Thurston Conservation District,1
PSP,Mason Conservation District,1
PSP,Kitsap County,1
PSP,West Sound Watershed Council,1
PSP,Clallam County,1
PSP,Jamestown S'Klallam Tribe,1
PSP,National Park Service,1
PSP,NPS,1
PSP,NOSC,1
PSP,Salmon Recovery Funding Board,1
PSP,Northwest Straits Commission,1
PSP,UW,4
PSP,Puget Sound Institute,1
PSP,UW Tacoma,1
RE Sources,USACOE,1
RE Sources,Lummi Tribe,1
RE Sources,City of Bellingham,10
RE Sources,Whatcom County,5
RE Sources,WDOE,5
RE Sources,UW,1
RE Sources,Sierra Club,1
RE Sources,Washington Environmental Council,1
RE Sources,WDNR,1
RE Sources,USEPA,1
RE Sources,Stanford,1
RE Sources,National Wildlife Federation,1
San Juan County,San Juan County Land Bank,1
San Juan County,San Juan MRC,1
San Juan County,WSUX,1
San Juan County Land Bank,WSP,1
San Juan County Land Bank,Salmon Recovery Funding Board,2
San Juan County Land Bank,WRCO,2
San Juan ECO Net,Friends of the San Juans,379
San Juan ECO Net,USEPA,1
San Juan ECO Net,PSP,1
San Juan ECO Net,Indigenous Education Institute,2
San Juan ECO Net,The Nature Conservancy,7
San Juan ECO Net,NPS,3
San Juan ECO Net,San Juan MRC,5
San Juan ECO Net,SeaDoc Society,2
San Juan ECO Net,UW,1
San Juan ECO Net,Wolf Hollow Wildlife Rehabilitation Center,2
San Juan ECO Net,San Juan County Land Bank,1
San Juan MRC,Northwest Straits Commission,3
SeaDoc Society,Jamestown S'Klallam Tribe,1
SeaDoc Society,Lummi Tribe,1
SeaDoc Society,Suquamish Tribe,1
SeaDoc Society,USEPA,2
SeaDoc Society,NMFS,1
SeaDoc Society,NOAA,4
SeaDoc Society,Northwest Straits Commission,2
SeaDoc Society,Island MRC,1
SeaDoc Society,Jefferson MRC,1
SeaDoc Society,San Juan MRC,1
SeaDoc Society,Skagit County,1
SeaDoc Society,Snohomish MRC,1
SeaDoc Society,UW,7
SeaDoc Society,PSP,1
SeaDoc Society,WDFW,2
SeaDoc Society,WDOE,1
SeaDoc Society,Washington Sea Grant,1
SeaDoc Society,WWU,4
SeaDoc Society,Friends of the San Juans,1
SeaDoc Society,The Nature Conservancy,2
SeaDoc Society,OrcaNet,1
SeaDoc Society,Port Townsend Marine Science Center,1
SeaDoc Society,Puget Soundkeeper Alliance ,1
SeaDoc Society,Seattle Aquarium,1
SeaDoc Society,Stewardship Partners,1
SeaDoc Society,Surfrider Foundation,1
SeaDoc Society,Wild Fish Conservancy,1
SeaDoc Society,Wolf Hollow Wildlife Rehabilitation Center,1
SeaDoc Society,NWFSC,1
SeaDoc Society,NWIFC,1
SeaDoc Society,USFWS,1
Seattle Aquarium,City of Seattle,4
Seattle Aquarium,King County,3
Seattle Aquarium,Long Live the Kings,1
Seattle Aquarium,NWIFC,1
Seattle Aquarium,Northwest Straits Commission,1
Seattle Aquarium,OrcaNet,1
Seattle Aquarium,PSP,2
Seattle Aquarium,Puget Soundkeeper Alliance ,1
Seattle Aquarium,SeaDoc Society,1
Seattle Aquarium,The Nature Conservancy,1
Seattle Aquarium,UW,3
Seattle Aquarium,Washington Environmental Council,1
Seattle Aquarium,Washington Sea Grant,1
Seattle Aquarium,NOAA,1
Seattle Audubon,WDFW,3
Seattle Audubon,USFWS,1
Seattle Audubon,King County,1
Seattle Audubon,National Wildlife Federation,1
Seattle Audubon,WDOE,1
Seattle Audubon,WDNR,1
Seattle Audubon,Skagit Land Trust,1
Sierra Club,USFWS,1
Sierra Club,USDA,1
Skagit Conservation District,Snohomish Conservation District,1
Skagit Conservation District,Whidbey Conservation District,1
Skagit Conservation District,USDA,10
Skagit Conservation District,WDOE,1
Skagit Conservation District,USFS,1
Skagit Conservation District,WDNR,4
Skagit Conservation District,Skagit County,2
Skagit Conservation District,Thurston Conservation District,1
Skagit Conservation District,Sound Salmon Solutions,1
Skagit County,WDOH,2
Skagit County,Skagit Conservation District,3
Skagit County,Skagit MRC,2
Skagit Land Trust,Padilla Bay National Estuarine Research Reserve,2
Skagit MRC,USEPA,1
Skagit MRC,PSP,1
Skagit MRC,Northwest Straits Commission,12
Skagit River System Cooperative,WDNR,1
Skagit River System Cooperative,USFS,1
Skagit River System Cooperative,Skagit County,1
Skagit River System Cooperative,The Nature Conservancy,1
Skagit River System Cooperative,City of Seattle,1
Skagit River System Cooperative,Skagit Fisheries Enhancement,1
Skagit River System Cooperative,Skagit Land Trust,1
Skagit River System Cooperative,WDFW,1
Snohomish County,City of Edmonds,2
Snohomish County,PSP,20
Snohomish County,Snohomish MRC,6
Snohomish County,Stillaguamish Watershed Council,4
Snohomish County,Snohomish Conservation District,3
Snohomish County,City of Arlington,1
Snohomish County,City of Everett,1
Snohomish County,City of Mill Creek,1
Snohomish County,City of Mukilteo,1
Snohomish County,City of Snohomish,1
Snohomish County,Tulalip Tribe,1
Snohomish County,WDOH,9
Snohomish County,USEPA,2
Snohomish County,WDOE,1
Snohomish County,UW,1
Snohomish County,WWU,1
Snohomish MRC,Northwest Straits Commission,42
Snohomish MRC,Snohomish County,6
Snohomish MRC,WDOE,6
Snohomish MRC,National Wildlife Federation,1
Snohomish MRC,King County,2
Snohomish MRC,WDFW,5
Snohomish MRC,UW,5
Snohomish MRC,PNNL,1
Snohomish MRC,NOAA,8
Snohomish MRC,NWFSC,1
Snohomish MRC,Washington Sea Grant,3
Snohomish MRC,WDNR,2
Snohomish MRC,Island MRC,1
Snohomish MRC,Tulalip Tribe,1
Snohomish MRC,Stillaguamish Tribe,1
Snohomish MRC,The Nature Conservancy,2
Snoqualmie Watershed Forum,King County,305
Snoqualmie Watershed Forum,PSP,3
Snoqualmie Watershed Forum,Tulalip Tribe,1
Snoqualmie Watershed Forum,King Conservation District,6
Snoqualmie Watershed Forum,Stewardship Partners,5
Snoqualmie Watershed Forum,Sound Salmon Solutions,3
Snoqualmie Watershed Forum,Wild Fish Conservancy,2
Snoqualmie Watershed Forum,WRCO,2
Snoqualmie Watershed Forum,Snohomish County,1
Snoqualmie Watershed Forum,NOAA,2
Snoqualmie Watershed Forum,WDOE,1
Sound Experience,Taylor Shellfish Farms,2
South Puget Sound LIO,PSP,76
South Puget Sound LIO,PSP Leadership Council,12
South Puget Sound LIO,WRCO,4
South Puget Sound LIO,USEPA,2
South Puget Sound Salmon Enhancement,WDOE,2
South Puget Sound Salmon Enhancement,NMFS,1
South Puget Sound Salmon Enhancement,NOAA,3
South Puget Sound Salmon Enhancement,USEPA,1
South Puget Sound Salmon Enhancement,Thurston County,1
South Puget Sound Salmon Enhancement,City of Edmonds,1
South Puget Sound Salmon Enhancement,NWFSC,1
South Puget Sound Salmon Enhancement,Taylor Shellfish Farms,1
South Puget Sound Salmon Enhancement,WDFW,1
South Puget Sound Salmon Enhancement,USFS,1
South Puget Sound Salmon Enhancement,USFWS,1
South Puget Sound Salmon Enhancement,Nisqually River Council,1
South Puget Sound Salmon Enhancement,Nisqually Tribe,2
South Puget Sound Salmon Enhancement,Pierce County,2
South Puget Sound Salmon Enhancement,WRCO,2
South Whidbey Tilth,Whidbey ECO Net,2
Southwest Fisheries Science Center,NOAA,1795
Southwest Fisheries Science Center,NMFS,344
Southwest Fisheries Science Center,NWFSC,1
Southwest Fisheries Science Center,US Navy,2
SPU,King County,3
Still Hope Productions,Northwest Straits Commission,1
Still Hope Productions,Port Townsend Marine Science Center,1
Still Hope Productions,Great Peninsula Conservancy,1
Still Hope Productions,PSP,1
Stillaguamish Watershed Council,Snohomish County,2
Stillaguamish Watershed Council,Snohomish Stillaguamish LIO,2
Stillaguamish Watershed Council,Salmon Recovery Funding Board,1
Stillaguamish Watershed Council,WRCO,1
Sudden Valley Community Association,WDFW,2
Surfrider Foundation,Stanford,1
Surfrider Foundation,NOAA,1
The Nature Conservancy,USFWS,1
Thurston Conservation District,Nisqually River Council,9
Thurston Conservation District,Thurston County,9
Thurston Conservation District,Pierce Conservation District,1
Thurston Conservation District,USFWS,3
Thurston Conservation District,USDA,13
Thurston Conservation District,South Puget Sound Salmon Enhancement,3
Thurston Conservation District,Taylor Shellfish Farms,2
Thurston Conservation District,City of Lacey,1
Thurston Conservation District,City of Olympia,1
Thurston Conservation District,City of Tumwater,1
Thurston Conservation District,The Nature Conservancy,1
Thurston Conservation District,Trout Unlimited,1
Thurston Conservation District,LOTT Clean Water Alliance,1
Thurston Conservation District,Mason Conservation District,1
Thurston Conservation District,WDOE,3
Thurston Conservation District,Nisqually Land Trust,1
Thurston Conservation District,WDFW,1
Thurston Conservation District,Nisqually Tribe,1
Thurston Conservation District,WDOH,1
Thurston Conservation District,WDNR,2
Thurston Conservation District,NWIFC,1
Thurston Conservation District,Wild Fish Conservancy,1
Thurston Conservation District,PSP,1
Trout Unlimited,The Nature Conservancy,1
Trout Unlimited,USFWS,1
Trout Unlimited,USFS,1
Urban Wilderness Project,UW,2
US Navy,USCG,107
USACOE,USEPA,17
USACOE,NOAA,6
USACOE,USFWS,5
USACOE,USDA,2
USCG,US Navy,3
USCG,NOAA,1
USDA,USFS,132
USDA,USEPA,2
USDA,USFWS,1
USFS,USDA,1073
USFS,NPS,7
USFS,USFWS,2
USFWS,NOAA,3
USFWS,NPS,1
USFWS,National Wildlife Federation,2
USFWS,USCG,1
USFWS,The Nature Conservancy,1
UW,UW Tacoma,14
UW,City of Seattle,1
UW Tacoma,UW,2006
UW Tacoma,Pierce County,1
UW Tacoma,PSP,2
UW Tacoma,USEPA,1
Vashon Beach Naturalists,WDFW,3
Vashon Beach Naturalists,NOAA,1
Vashon Beach Naturalists,King County,3
Vashon Beach Naturalists,UW,1
Vashon Beach Naturalists,Washington Sea Grant,1
Washington Environmental Council,Sierra Club,1
Washington Environmental Council,Surfrider Foundation,1
Washington Environmental Council,The Nature Conservancy,1
Washington Environmental Council,Nisqually Land Trust,2
Washington Environmental Council,PSP,2
Washington Sea Grant,UW,8012
Washington Sea Grant,NOAA,253
Washington Sea Grant,USFWS,2
Washington Sea Grant,Whatcom ECO Net,2
Washington Sea Grant,WDFW,2
Washington Sea Grant,WDOE,9
Washington Sea Grant,Jamestown S'Klallam Tribe,1
Washington Sea Grant,NWIFC,1
Washington Sea Grant,Taylor Shellfish Farms,1
Washington Sea Grant,NWFSC,2
Washington Sea Grant,Northwest Straits Commission,1
Washington Sea Grant,Kitsap County,1
Washington Sea Grant,Skokomish Tribe,1
Washington Sea Grant,Seattle Aquarium,1
Water Tenders,Sierra Club,1
Water Tenders,The Nature Conservancy,1
WDFW,NOAA,4
WDFW,WDOH,32
WDFW,WRCO,3
WDFW,WDNR,3
WDFW,USDA,2
WDFW,NPS,4
WDFW,USACOE,2
WDFW,USFWS,4
WDFW,NWIFC,2
WDFW,Point No Point Treaty Council,1
WDFW,WDOE,1
WDFW,USFS,2
WDFW,NMFS,1
WDFW,Seattle Audubon,1
WDFW,UW,1
WDFW,OrcaNet,1
WDNR,WDFW,31
WDNR,WRCO,1
WDNR,USFS,21
WDNR,WDOE,39
WDNR,USDA,18
WDNR,WSP,3
WDNR,WWU,3
WDNR,UW,7
WDNR,Skagit Fisheries Enhancement,1
WDNR,Northwest Straits Commission,5
WDNR,NOSC,1
WDNR,HCCC,1
WDNR,Jefferson County,1
WDNR,Skagit County,3
WDNR,Island MRC,1
WDNR,NOAA,11
WDNR,USFWS,4
WDNR,NPS,2
WDNR,USEPA,7
WDNR,King County,1
WDNR,Whatcom County,2
WDNR,Skagit River System Cooperative,1
WDNR,PSP,4
WDNR,Puget Soundkeeper Alliance ,2
WDNR,USACOE,4
WDNR,WDOH,9
WDNR,NWIFC,2
WDNR,Snohomish County,1
WDNR,Pierce County,1
WDNR,Thurston County,1
WDOE,USEPA,10
WDOE,UW,1
WDOE,Padilla Bay National Estuarine Research Reserve,3
WDOE,WDNR,2
WDOE,WDOH,9
WDOE,Skagit County,2
WDOE,USACOE,6
WDOE,Trout Unlimited,1
WDOE,NOAA,1
West Sound Watershed Council,PSP,3
West Sound Watershed Council,UW,23
West Sound Watershed Council,Washington Sea Grant,23
West Sound Watershed Council,Kitsap County,3
West Sound Watershed Council,City of Bainbridge Island,1
West Sound Watershed Council,Pierce County,2
West Sound Watershed Council,WRCO,2
West Sound Watershed Council,WDFW,1
West Sound Watershed Council,Stillwaters Environmental Education Center,1
West Sound Watershed Council,Great Peninsula Conservancy,1
West Sound Watershed Council,Bainbridge Island Watershed Council,1
West Sound Watershed Council,NOAA,1
Whatcom County,WDOH,3
Whatcom County,City of Bellingham,2
Whatcom County,WDOE,1
Whatcom ECO Net,PSP,3
Whidbey Conservation District,Snohomish Conservation District,3
Whidbey Conservation District,USDA,9
Whidbey Conservation District,USFS,2
Whidbey Conservation District,WDNR,2
Whidbey Conservation District,WSUX,2
Whidbey Conservation District,South Whidbey Tilth,1
Whidbey Conservation District,WDOE,1
Whidbey Conservation District,City of Oak Harbor,1
Whidbey Conservation District,National Wildlife Federation,1
Whidbey ECO Net,Whidbey Conservation District,2
Whidbey ECO Net,UW,3
Whidbey ECO Net,PSP,4
Whidbey ECO Net,OrcaNet,2
Whidbey ECO Net,Snohomish MRC,1
Whidbey ECO Net,Island MRC,3
Whidbey ECO Net,Whidbey/Camano Land Trust,1
Whidbey/Camano Land Trust,WRCO,3
Whidbey/Camano Land Trust,Island MRC,1
Whidbey/Camano Land Trust,WDNR,1
Whidbey/Camano Land Trust,US Navy,1
Whidbey/Camano Land Trust,NPS,2
Whidbey/Camano Land Trust,USFWS,1
Whidbey/Camano Land Trust,USDA,1
Whidbey/Camano Land Trust,Northwest Straits Commission,1
Whidbey/Camano Land Trust,Whidbey Conservation District,1
Wild Fish Conservancy,WRCO,3
Wild Fish Conservancy,NMFS,3
Wild Fish Conservancy,NOAA,12
Wild Fish Conservancy,WDFW,15
Wild Fish Conservancy,PSP,2
Wild Fish Conservancy,SeaDoc Society,2
Wild Fish Conservancy,WDNR,2
Wild Fish Conservancy,Long Live the Kings,1
Wild Fish Conservancy,USDA,1
Wild Fish Conservancy,King County,1
Wild Fish Conservancy,USFWS,2
Wild Fish Conservancy,WDOE,2
Wild Fish Conservancy,USEPA,1
Wild Fish Conservancy,NWFSC,1
Wolf Hollow Wildlife Rehabilitation Center,SeaDoc Society,1
WRCO,Salmon Recovery Funding Board,7
WRCO,WDFW,3
WRCO,WDOE,1
WRCO,WDNR,3
WRCO,NOAA,1
WRCO,NPS,1
WRCO,USFS,1
WRIA 2 TAG,PSP,12
WRIA 2 TAG,WRCO,2
WRIA 2 TAG,WDNR,1
WRIA 2 TAG,NOAA,1
WRIA 2 TAG,NWFSC,1
WRIA 2 TAG,San Juan County,7
WRIA 2 TAG,Lummi Tribe,2
WRIA 2 TAG,PSP Leadership Council,1
WRIA 2 TAG,San Juan MRC,5
WRIA 2 TAG,Skagit River System Cooperative,1
WRIA 2 TAG,UW,1
WRIA 2 TAG,Friends of the San Juans,2
WRIA 2 TAG,San Juan ECO Net,1
WRIA 2 TAG,Tulalip Tribe,1
WRIA 2 TAG,Northwest Straits Commission,1
WRIA 9,King County,376
WRIA 9,PSP,18
WRIA 9,City of SeaTac,3
WRIA 9,King Conservation District,9
WRIA 9,WDFW,4
WRIA 9,WDOE,10
WRIA 9,USACOE,2
WRIA 9,USEPA,4
WRIA 9,WRCO,1
WRIA 9,Puget Soundkeeper Alliance ,1
WRIA 9,NOAA,5
WRIA 9,City of Seattle,1
WSP,WDFW,1
WSUX,WSUX Island Waste Wise,37
WSUX,WSUX Beachwatchers,37
WSUX,City of Seattle,2
WSUX,USDA,8
WSUX,WSUX Mason,2637
WSUX,Mason County,52
WSUX,Mason Conservation District,4
WSUX,Mason County Public Health,1
WSUX,Thurston Conservation District,1
WSUX,WDFW,1
WSUX,WDNR,1
WSUX,WSUX Thurston,1807
WSUX,Thurston County,53
WSUX,City of Lacey,1
WSUX,UW,1
WSUX,City of Olympia,1
WSUX Beachwatchers,UW,2
WSUX Beachwatchers,WDOE,4
WSUX Beachwatchers,WDFW,2
WSUX Beachwatchers,WDOH,3
WSUX Beachwatchers,WDNR,1
WSUX Beachwatchers,WSP,1
WSUX Beachwatchers,WRCO,1
WSUX Beachwatchers,PSP,2
WSUX Beachwatchers,USEPA,2
WSUX Beachwatchers,National Park Service,1
WSUX Beachwatchers,NPS,1
WSUX Beachwatchers,NOAA,2
WSUX Beachwatchers,USFWS,3
WSUX Beachwatchers,USDA,1
WSUX Beachwatchers,NWIFC,1
WSUX Beachwatchers,Northwest Straits Commission,2
WSUX Beachwatchers,Washington Sea Grant,1
WSUX Beachwatchers,SeaDoc Society,1
WSUX Beachwatchers,Stewardship Partners,1
WSUX Beachwatchers,WSUX Jefferson,2
WSUX Beachwatchers,WSUX Kitsap,1
WSUX Clallam,Clallam County,51
WSUX Clallam,WSUX,3
WSUX Clallam,Clallam Conservation District,4
WSUX Clallam,North Olympic Land Trust,1
WSUX Clallam,USDA,5
WSUX Clallam,Feiro Marine Life Center,2
WSUX Clallam,City of Sequim,1
WSUX Clallam,City of Port Angeles,1
WSUX Clallam,NOAA,1
WSUX Clallam,UW,1
WSUX Clallam,Washington Sea Grant,1
WSUX Clallam,National Park Service,1
WSUX Clallam,NPS,1
WSUX Clallam,Clallam County Streamkeepers,1
WSUX Island Waste Wise,WSUX,73
WSUX Island Waste Wise,WSUX Beachwatchers,2
WSUX Jefferson,Jefferson County,92
WSUX Jefferson,WSUX,3
WSUX Jefferson,North Olympic Land Trust,2
WSUX Jefferson,Jefferson Conservation District,6
WSUX Jefferson,USDA,8
WSUX Jefferson,WSUX Clallam,5
WSUX Jefferson,HCCC,1
WSUX Jefferson,NOSC,2
WSUX Jefferson,Port Townsend Marine Science Center,1
WSUX Jefferson,UW,3
WSUX Jefferson,Washington Sea Grant,2
WSUX Kitsap,Kitsap County,66
WSUX Kitsap,WSUX Beachwatchers,57
WSUX Kitsap,WDOH,1
WSUX Kitsap,WSUX Jefferson,1
WSUX Kitsap,Kitsap Conservation District,3
WSUX Kitsap,USDA,5
WSUX Kitsap,UW,1
WSUX Kitsap,Washington Sea Grant,1
WSUX Kitsap,Kitsap Public Health District,1
WSUX Kitsap,WSUX,15
WSUX Mason,WSUX,2739
WSUX Mason,Mason County,52
WSUX Mason,Mason Conservation District,4
WSUX Mason,Mason County Public Health,1
WSUX Mason,Thurston Conservation District,1
WSUX Mason,City of Seattle,1
WSUX Mason,WDFW,1
WSUX Mason,USDA,1
WSUX Mason,WDNR,1
WSUX Mason,WSUX Beachwatchers,2
WSUX Thurston,WSUX,1895
WSUX Thurston,Thurston County,53
WSUX Thurston,City of Lacey,1
WSUX Thurston,USDA,5
WSUX Thurston,UW,1
WSUX Thurston,City of Olympia,1
WWU,WWU/Huxley College on the Peninsulas,4
Puget Sound Institute,UW Tacoma,234
Puget Sound Institute,UW,46
Puget Sound Institute,USEPA,1
Puget Sound Institute,PSP,1
San Juan County Water Resources Management Committee,San Juan County,2
Salmon Recovery Funding Board,WRCO,12
Salmon Recovery Funding Board,WDFW,1
Salmon Recovery Funding Board,WDOE,1
Stillaguamish Clean Water District,Snohomish County,5
Snohomish Stillaguamish LIO,PSP,3
Snohomish Stillaguamish LIO,Snohomish MRC,1
Snohomish Stillaguamish LIO,Snohomish County,6
Snohomish Stillaguamish LIO,Stillaguamish Watershed Council,1
WRIA 10/12,Pierce County,14
WRIA 10/12,PSP,2
WRIA 8,King County,396
WRIA 8,PSP,6
WRIA 8,City of Bellevue,2
WRIA 8,City of Mill Creek,3
WRIA 8,City of Newcastle,3
WRIA 8,City of Edmonds,1
WRIA 8,City of Kent,1
WRIA 8,City of Seattle,2
WRIA 8,City of Kirkland,1
WRIA 8,Snohomish County,1
WRIA 8,WRIA 9,1
WRIA 8,WDOE,4
WRIA 8,WDFW,3
WRIA 8,UW,1
WRIA 8,Salmon Recovery Funding Board,2
WRIA 8,WRCO,6
WRIA 8,King Conservation District,2
WRIA 8,WDNR,2
WRIA 8,NOAA,1
Jefferson CWDAC,WDOH,6
Jefferson CWDAC,WDOE,1
Jefferson CWDAC,Jefferson County,1
Whatcom MRC,Northwest Straits Commission,1
Stewardship Partners,UW,3
Stewardship Partners,The Nature Conservancy,4
Stewardship Partners,Washington Environmental Council,3
Stewardship Partners,King County,7
Stewardship Partners,NOAA,2
Stewardship Partners,Pierce Conservation District,2
Stewardship Partners,City of Seattle,1
Stewardship Partners,Taylor Shellfish Farms,1
Stewardship Partners,NPS,1
Stewardship Partners,Nisqually Tribe,1
Stewardship Partners,Nisqually River Council,1
Stewardship Partners,Pierce County,1
Stewardship Partners,South Puget Sound Salmon Enhancement,1
Stewardship Partners,Thurston County,1
Stewardship Partners,USFS,1
Stewardship Partners,USFWS,1
Stewardship Partners,WDFW,1
Stewardship Partners,WDOE,1
Stewardship Partners,WDNR,1
Whidbey Environmental Action Network,USEPA,1
Whidbey Environmental Action Network,WDNR,1
Whidbey Environmental Action Network,WWU,1
Washington Trollers Association,NOAA,31
Washington Trollers Association,NMFS,5
Washington Trollers Association,WDFW,1
Washington Trollers Association,UW,1
Washington Trollers Association,Washington Sea Grant,1
Island County Water Resources Advisory Committee,Island County,2
WWU/Huxley College on the Peninsulas,WWU,102
WWU/Huxley College on the Peninsulas,WDFW,1
WWU/Huxley College on the Peninsulas,NOAA,1
WWU/Huxley College on the Peninsulas,USEPA,1
WWU/Huxley College on the Peninsulas,City of Seattle,1
WWU/Huxley College on the Peninsulas,UW,1
WWU/Huxley College on the Peninsulas,Washington Sea Grant,1
