UW,King County, 1
UW,City of Seattle, 6
UW,UW Tacoma, 18
UW,WWU, 1
UW,Stanford, 1
Pierce County,King County, 2
Pierce County,WDOH, 8
Pierce County,WDOE, 12
Pierce County,WDFW, 5
Pierce County,Kitsap County, 1
Pierce County,WDNR, 5
Pierce County,PSP, 2
Pierce County,Kitsap Public Health District, 1
Pierce County,WRCO, 2
Pierce County,NPS, 1
Pierce County,Washington Sea Grant, 1
Pierce County,WSUX, 5
Pierce County,Pierce Conservation District, 5
Pierce County,Port of Tacoma, 3
Pierce County,Taylor Shellfish Farms, 1
Pierce County,South Puget Sound Salmon Enhancement, 1
Pierce County,Mason County, 1
Pierce County,City of Puyallup, 2
Pierce County,City of Orting, 2
Pierce County,Kitsap Conservation District, 1
Pierce County,City of Gig Harbor, 1
Pierce County,City of Milton, 2
Pierce County,Citizens for a Healthy Bay, 1
Pierce County,Harbor Wildwatch, 1
Pierce County,City of Bonney Lake, 1
USDA,USFS, 267
USDA,WDNR, 1
USDA,USFWS, 2
NOAA,NWFSC, 1
NOAA,NMFS, 9
King County,UW, 1
King County,Pierce County, 3
King County,WDOH, 8
King County,WDOE, 4
King County,WDFW, 8
King County,WDNR, 1
King County,City of Seattle, 12
King County,City of Bellevue, 2
King County,City of Newcastle, 4
King County,City of Kirkland, 2
King County,Port of Tacoma, 1
King County,City of Kent, 2
King County,City of SeaTac, 6
USCG,NOAA, 1
USCG,NMFS, 2
USCG,US Navy, 6
WDOE,Pierce County, 1
WDOE,NOAA, 2
WDOE,King County, 8
WDOE,WDOH, 45
WDOE,WDFW, 10
WDOE,USFS, 1
WDOE,Snohomish County, 1
WDOE,WDNR, 12
WDOE,City of Seattle, 2
WDOE,USFWS, 2
WDOE,PSP, 10
WDOE,WRCO, 5
WDOE,Thurston County, 1
WDOE,Washington Sea Grant, 2
WDOE,City of Bellingham, 1
WDOE,Skagit County, 1
WDOE,Clallam County, 1
WDOE,Padilla Bay National Estuarine Research Reserve, 7
WDOE,WSP, 2
WDOE,Mason County, 1
WDOE,RE Sources, 1
WDOE,Trout Unlimited, 2
WDOE,Environmental Coaliton of South Seattle, 1
WDOE,USEPA, 1
WDFW,UW, 1
WDFW,USDA, 1
WDFW,King County, 1
WDFW,WDOH, 184
WDFW,WDOE, 9
WDFW,USFS, 4
WDFW,WDNR, 11
WDFW,Northwest Straits Commission, 1
WDFW,USFWS, 17
WDFW,WRCO, 9
WDFW,NPS, 9
WDFW,NMFS, 11
WDFW,NWIFC, 11
WDFW,OrcaNet, 2
WDFW,USACOE, 5
WDFW,Point No Point Treaty Council, 2
WDFW,Long Live the Kings, 1
WDFW,Seattle Audubon, 1
USFS,USDA, 2221
USFS,WDNR, 1
USFS,USFWS, 2
USFS,NPS, 7
USFS,The Nature Conservancy, 2
USFS,Trout Unlimited, 1
Snohomish County,Pierce County, 1
Snohomish County,NOAA, 2
Snohomish County,King County, 4
Snohomish County,WDOH, 17
Snohomish County,WDOE, 8
Snohomish County,WDFW, 5
Snohomish County,Kitsap County, 1
Snohomish County,City of Seattle, 2
Snohomish County,PSP, 6
Snohomish County,Snohomish MRC, 36
Snohomish County,Tulalip Tribe, 1
Snohomish County,Skagit County, 1
Snohomish County,WWU, 4
Snohomish County,Stillaguamish Tribe, 1
Snohomish County,City of Edmonds, 4
Snohomish County,Snohomish Conservation District, 2
Snohomish County,Adopt-a-Stream Foundation, 4
Snohomish County,City of Arlington, 2
Snohomish County,Stillaguamish Watershed Council, 2
Snohomish County,City of Mill Creek, 1
Snohomish County,City of Snohomish, 1
Snohomish County,City of Mukilteo, 1
Kitsap County,WDOH, 5
Kitsap County,WDOE, 5
Kitsap County,WDFW, 2
Kitsap County,WDNR, 1
Kitsap County,Kitsap Public Health District, 87
Kitsap County,City of Bainbridge Island, 5
Kitsap County,Mason County, 1
Kitsap County,HCCC, 1
Kitsap County,City of Bremerton, 7
Kitsap County,Jefferson County, 2
Kitsap County,Kitsap Conservation District, 2
Kitsap County,City of Poulsbo, 7
Kitsap County,City of Gig Harbor, 1
Kitsap County,Wild Fish Conservancy, 1
Kitsap County,West Sound Watershed Council, 3
WDNR,Pierce County, 1
WDNR,King County, 1
WDNR,WDOH, 9
WDNR,WDOE, 30
WDNR,WDFW, 24
WDNR,USFS, 18
WDNR,Snohomish County, 1
WDNR,Northwest Straits Commission, 5
WDNR,USFWS, 4
WDNR,PSP, 5
WDNR,WRCO, 1
WDNR,Thurston County, 1
WDNR,NPS, 2
WDNR,NWIFC, 2
WDNR,Skagit County, 3
WDNR,Clallam County, 1
WDNR,Island MRC, 2
WDNR,Puget Soundkeeper Alliance , 3
WDNR,WWU, 1
WDNR,Jefferson MRC, 1
WDNR,WSP, 3
WDNR,Whatcom County, 2
WDNR,Whatcom MRC, 1
WDNR,HCCC, 1
WDNR,Skagit Fisheries Enhancement, 1
WDNR,Skagit River System Cooperative, 2
WDNR,NOSC, 1
City of Seattle,UW, 2
City of Seattle,King County, 80
City of Seattle,WDOH, 1
City of Seattle,USCG, 1
City of Seattle,WDFW, 1
City of Seattle,City of Bellevue, 1
City of Seattle,NPS, 1
City of Seattle,Seattle Aquarium, 2
City of Seattle,SPU, 1
City of Seattle,Environmental Coaliton of South Seattle, 1
City of Seattle,Urban Wilderness Project, 1
City of Seattle,City of Redmond, 1
Northwest Straits Commission,King County, 1
Northwest Straits Commission,WDOE, 1
Northwest Straits Commission,WDFW, 1
Northwest Straits Commission,WDNR, 2
Northwest Straits Commission,PSP, 2
Northwest Straits Commission,Snohomish MRC, 6
Northwest Straits Commission,San Juan MRC, 3
Northwest Straits Commission,NWIFC, 1
Northwest Straits Commission,Island MRC, 6
Northwest Straits Commission,Skagit MRC, 10
Northwest Straits Commission,Jefferson MRC, 9
Northwest Straits Commission,Whatcom MRC, 7
USFWS,USDA, 1
USFWS,NOAA, 3
USFWS,USCG, 1
USFWS,WDFW, 2
USFWS,USFS, 4
USFWS,NPS, 2
USFWS,NMFS, 16
USFWS,National Wildlife Federation, 6
USFWS,The Nature Conservancy, 3
USFWS,USACOE, 3
PSP,UW, 1
PSP,King County, 1
PSP,WDOH, 3
PSP,USCG, 1
PSP,WDOE, 27
PSP,WDFW, 7
PSP,Snohomish County, 3
PSP,Kitsap County, 1
PSP,WDNR, 125
PSP,Northwest Straits Commission, 1
PSP,WRCO, 10
PSP,NPS, 1
PSP,San Juan MRC, 1
PSP,NWIFC, 3
PSP,Skagit County, 1
PSP,Clallam County, 1
PSP,Island MRC, 1
PSP,Nisqually River Council, 1
PSP,South Puget Sound Salmon Enhancement, 1
PSP,King Conservation District, 1
PSP,Stillaguamish Tribe, 1
PSP,HCCC, 3
PSP,Nisqually Tribe, 1
PSP,Jamestown S'Klallam Tribe, 1
PSP,Skagit Fisheries Enhancement, 1
PSP,Mason Conservation District, 1
PSP,Thurston Conservation District, 1
PSP,Puyallup Tribe, 1
PSP,Skagit River System Cooperative, 1
PSP,NOSC, 1
PSP,West Sound Watershed Council, 1
PSP,WRIA 2 TAG, 1
PSP,Whidbey ECO Net, 1
PSP,Nooksack Salmon Enhancement Association, 1
PSP,Nooksack Tribe, 1
PSP,Feiro Marine Life Center, 1
PSP,San Juan ECO Net, 1
PSP,South Puget Sound LIO, 1
PSP,Whatcom ECO Net, 1
PSP,Island County, 1
Kitsap Public Health District,King County, 1
Kitsap Public Health District,WDOH, 508
Kitsap Public Health District,WDOE, 48
Kitsap Public Health District,WDFW, 1
Kitsap Public Health District,Kitsap County, 11
Kitsap Public Health District,PSP, 1
Kitsap Public Health District,Kitsap Conservation District, 1
Kitsap Public Health District,Kitsap PUD, 1
WRCO,WDOE, 3
WRCO,WDFW, 11
WRCO,NWFSC, 1
WRCO,USFS, 1
WRCO,WDNR, 4
WRCO,PSP, 3
WRCO,NPS, 4
WRCO,WSP, 2
City of Bellevue,UW, 1
City of Bellevue,King County, 21
City of Bellevue,WDOE, 4
City of Bellevue,WDFW, 1
NMFS,USDA, 3
NMFS,NOAA, 1851
NMFS,USCG, 2
NMFS,WDFW, 2
NMFS,NWFSC, 403
NMFS,Southwest Fisheries Science Center, 380
NMFS,USFWS, 42
NMFS,NPS, 1
NMFS,Washington Sea Grant, 1
Snohomish MRC,NOAA, 2
Snohomish MRC,WDOH, 1
Snohomish MRC,WDOE, 9
Snohomish MRC,WDFW, 7
Snohomish MRC,NWFSC, 2
Snohomish MRC,Snohomish County, 6
Snohomish MRC,WDNR, 4
Snohomish MRC,Northwest Straits Commission, 33
Snohomish MRC,PSP, 1
Snohomish MRC,Washington Sea Grant, 4
Snohomish MRC,Tulalip Tribe, 2
Snohomish MRC,National Wildlife Federation, 1
Snohomish MRC,San Juan MRC, 1
Snohomish MRC,Skagit County, 1
Snohomish MRC,Clallam County, 1
Snohomish MRC,Island MRC, 2
Snohomish MRC,The Nature Conservancy, 3
Snohomish MRC,Puget Soundkeeper Alliance , 1
Snohomish MRC,Jefferson MRC, 1
Snohomish MRC,Whatcom MRC, 1
Snohomish MRC,Stillaguamish Tribe, 2
Snohomish MRC,Seattle Aquarium, 1
Snohomish MRC,Sound Salmon Solutions, 1
Snohomish MRC,Port Townsend Marine Science Center, 1
Snohomish MRC,Sound Experience, 1
National Wildlife Federation,WDFW, 1
National Wildlife Federation,USFS, 13
National Wildlife Federation,USFWS, 43
National Wildlife Federation,NPS, 10
National Wildlife Federation,NMFS, 6
National Wildlife Federation,Sierra Club, 1
San Juan MRC,WDFW, 2
San Juan MRC,Northwest Straits Commission, 4
San Juan MRC,Friends of the San Juans, 1
UW Tacoma,UW, 2768
UW Tacoma,Pierce County, 3
UW Tacoma,WDOE, 1
UW Tacoma,PSP, 1
NWIFC,WDOH, 1
NWIFC,WDOE, 9
NWIFC,WDFW, 3
NWIFC,USFS, 1
NWIFC,WDNR, 1
NWIFC,USFWS, 1
NWIFC,WRCO, 1
NWIFC,Tulalip Tribe, 1
NWIFC,Stillaguamish Tribe, 1
NWIFC,Nisqually Tribe, 1
NWIFC,Skokomish Tribe, 2
NWIFC,Jamestown S'Klallam Tribe, 1
NWIFC,Puyallup Tribe, 2
NWIFC,Long Live the Kings, 1
NWIFC,Lummi Tribe, 2
NWIFC,Nooksack Tribe, 1
NWIFC,Suquamish Tribe, 1
Skagit County,NOAA, 1
Skagit County,WDOH, 6
Skagit County,WDOE, 3
Skagit County,Snohomish County, 2
Skagit County,City of Bellingham, 1
Skagit County,Skagit MRC, 2
Skagit County,Skagit Conservation District, 3
Pierce Conservation District,Pierce County, 1
Pierce Conservation District,City of Puyallup, 1
Pierce Conservation District,City of Orting, 1
Pierce Conservation District,City of Gig Harbor, 1
Pierce Conservation District,City of Milton, 1
Clallam County,USDA, 1
Clallam County,WDOH, 28
Clallam County,USCG, 1
Clallam County,WDOE, 3
Clallam County,WDFW, 2
Clallam County,USFS, 2
Clallam County,WDNR, 6
Clallam County,USFWS, 1
Clallam County,WRCO, 1
Clallam County,NPS, 3
Clallam County,Clallam Conservation District, 2
Clallam County,City of Sequim, 3
Clallam County,Port of Port Angeles, 1
Island MRC,Northwest Straits Commission, 46
Island MRC,Snohomish MRC, 2
Island MRC,San Juan MRC, 1
Island MRC,Clallam County, 1
Island MRC,OrcaNet, 1
Island MRC,Skagit MRC, 1
Island MRC,Jefferson MRC, 1
Island MRC,Whidbey/Camano Land Trust, 1
Island MRC,Skagit Fisheries Enhancement, 2
Island MRC,Skagit River System Cooperative, 1
Island MRC,Whidbey ECO Net, 1
OrcaNet,Washington Sea Grant, 20
OrcaNet,Tulalip Tribe, 20
The Nature Conservancy,USFWS, 3
Skagit MRC,Northwest Straits Commission, 38
Skagit MRC,PSP, 1
Skagit MRC,Snohomish MRC, 1
Skagit MRC,San Juan MRC, 1
Skagit MRC,Clallam County, 1
Skagit MRC,Island MRC, 1
Skagit MRC,Jefferson MRC, 1
Skagit MRC,Whatcom MRC, 1
City of Newcastle,King County, 29
City of Newcastle,WDFW, 1
City of Newcastle,City of Seattle, 2
City of Newcastle,City of Bellevue, 1
Puget Soundkeeper Alliance ,WDOH, 1
Puget Soundkeeper Alliance ,WDOE, 7
Puget Soundkeeper Alliance ,City of Seattle, 1
Puget Soundkeeper Alliance ,PSP, 1
Puget Soundkeeper Alliance ,Washington Sea Grant, 1
Puget Soundkeeper Alliance ,Taylor Shellfish Farms, 1
Puget Soundkeeper Alliance ,Nisqually Tribe, 1
Puget Soundkeeper Alliance ,Kitsap Conservation District, 1
Puget Soundkeeper Alliance ,Seattle Aquarium, 1
Puget Soundkeeper Alliance ,Puyallup Tribe, 1
Puget Soundkeeper Alliance ,Environmental Coaliton of South Seattle, 1
Puget Soundkeeper Alliance ,USEPA, 1
City of Kirkland,King County, 569
City of Kirkland,WDOE, 2
City of Kirkland,WDFW, 2
City of Kirkland,USFS, 1
City of Kirkland,City of Seattle, 3
City of Kirkland,USFWS, 1
City of Kirkland,City of Bellevue, 2
City of Kirkland,National Wildlife Federation, 1
City of Kirkland,King Conservation District, 1
City of Kirkland,City of Redmond, 1
Padilla Bay National Estuarine Research Reserve,NOAA, 24
Padilla Bay National Estuarine Research Reserve,WDOE, 28
Padilla Bay National Estuarine Research Reserve,Northwest Straits Commission, 2
Padilla Bay National Estuarine Research Reserve,PSP, 1
Padilla Bay National Estuarine Research Reserve,Skagit MRC, 3
Padilla Bay National Estuarine Research Reserve,Skagit Conservation District, 1
Padilla Bay National Estuarine Research Reserve,RE Sources, 1
Padilla Bay National Estuarine Research Reserve,Port Townsend Marine Science Center, 2
City of Bainbridge Island,WDOH, 2
City of Bainbridge Island,WDOE, 21
City of Bainbridge Island,Kitsap County, 9
City of Bainbridge Island,PSP, 1
City of Bainbridge Island,Kitsap Public Health District, 3
City of Bainbridge Island,Association of Washington Cities, 1
City of Bainbridge Island,Kitsap PUD, 3
City of Bainbridge Island,Bainbridge Island Watershed Council, 2
Whidbey Conservation District,USDA, 1
Whidbey Conservation District,WDOE, 1
Whidbey Conservation District,WDFW, 1
Whidbey Conservation District,USFS, 2
Whidbey Conservation District,WDNR, 4
Whidbey Conservation District,WSUX, 2
Whidbey Conservation District,National Wildlife Federation, 1
Whidbey Conservation District,Snohomish Conservation District, 3
Whidbey Conservation District,South Whidbey Tilth, 1
Whidbey Conservation District,SPU, 1
Whidbey Conservation District,City of Oak Harbor, 1
WWU,UW, 1
WWU,City of Bellingham, 3
WWU,Whatcom County, 2
WWU,WWU/Huxley College on the Peninsulas, 8
WWU,Sudden Valley Community Association, 1
Port of Tacoma,WDOE, 2
Port of Tacoma,WDFW, 1
Port of Tacoma,PSP, 1
Port of Tacoma,Citizens for a Healthy Bay, 2
Jefferson MRC,WDFW, 1
Jefferson MRC,Northwest Straits Commission, 14
Jefferson MRC,NOSC, 1
Nisqually River Council,Pierce County, 1
Nisqually River Council,WDOE, 1
Nisqually River Council,WDFW, 2
Nisqually River Council,WDNR, 1
Nisqually River Council,USFWS, 2
Nisqually River Council,PSP, 1
Nisqually River Council,Thurston County, 1
Nisqually River Council,NPS, 3
Nisqually River Council,Pierce Conservation District, 1
Nisqually River Council,Nisqually Tribe, 3
Nisqually River Council,Stewardship Partners, 3
Nisqually River Council,Nisqually Land Trust, 4
WSP,USDA, 1
WSP,King County, 1
WSP,USCG, 1
WSP,WDFW, 111
WSP,WDNR, 8
WSP,WRCO, 50
WSP,NPS, 4
WSP,City of Gig Harbor, 1
WSP,Skagit Fisheries Enhancement, 1
Whatcom County,WDOH, 36
Whatcom County,WDOE, 8
Whatcom County,Snohomish County, 3
Whatcom County,City of Bellingham, 9
Whatcom County,Skagit County, 3
Whatcom County,RE Sources, 3
South Puget Sound Salmon Enhancement,Pierce County, 2
South Puget Sound Salmon Enhancement,WDOE, 4
South Puget Sound Salmon Enhancement,WDFW, 1
South Puget Sound Salmon Enhancement,NWFSC, 1
South Puget Sound Salmon Enhancement,USFS, 1
South Puget Sound Salmon Enhancement,USFWS, 1
South Puget Sound Salmon Enhancement,WRCO, 2
South Puget Sound Salmon Enhancement,Thurston County, 2
South Puget Sound Salmon Enhancement,NMFS, 3
South Puget Sound Salmon Enhancement,Nisqually River Council, 2
South Puget Sound Salmon Enhancement,Taylor Shellfish Farms, 3
South Puget Sound Salmon Enhancement,Nisqually Tribe, 2
South Puget Sound Salmon Enhancement,City of Edmonds, 2
King Conservation District,Pierce County, 3
King Conservation District,King County, 41
King Conservation District,WDOE, 4
King Conservation District,WDFW, 1
King Conservation District,WDNR, 2
King Conservation District,City of Seattle, 16
King Conservation District,PSP, 1
King Conservation District,City of Bellevue, 3
King Conservation District,Pierce Conservation District, 3
King Conservation District,City of Kirkland, 5
King Conservation District,Whidbey Conservation District, 1
King Conservation District,Stewardship Partners, 4
King Conservation District,Snohomish Conservation District, 1
King Conservation District,Adopt-a-Stream Foundation, 2
King Conservation District,Kitsap Conservation District, 1
King Conservation District,Seattle Aquarium, 1
King Conservation District,Skagit Conservation District, 1
King Conservation District,Mason Conservation District, 1
King Conservation District,City of Kent, 2
King Conservation District,Thurston Conservation District, 1
King Conservation District,Puyallup Tribe, 1
King Conservation District,Clallam Conservation District, 1
King Conservation District,Environmental Coaliton of South Seattle, 1
King Conservation District,Jefferson Conservation District, 1
King Conservation District,Newcastle Weed Warriors, 1
King Conservation District,City of Sammamish, 1
Stillaguamish Tribe,WDOH, 1
Stillaguamish Tribe,WDOE, 1
Stillaguamish Tribe,Tulalip Tribe, 1
Stillaguamish Tribe,Stillaguamish Watershed Council, 2
Mason County,WDOH, 9
Mason County,WDOE, 4
Mason County,WDFW, 4
Mason County,WDNR, 1
Mason County,USFWS, 1
Mason County,Thurston County, 1
Mason County,NMFS, 1
Mason County,Taylor Shellfish Farms, 1
Mason County,Jefferson County, 1
Mason County,Mason Conservation District, 2
HCCC,WDOE, 1
HCCC,Kitsap County, 2
HCCC,PSP, 10
HCCC,WRCO, 2
HCCC,Mason County, 2
HCCC,Jefferson County, 2
HCCC,Skokomish Tribe, 2
Nisqually Tribe,Thurston County, 2
Nisqually Tribe,NWIFC, 1
Nisqually Tribe,Northwest Indian College, 4
USACOE,USDA, 1
USACOE,NOAA, 2
USACOE,USFWS, 5
City of Puyallup,Pierce County, 25
City of Puyallup,King County, 1
City of Puyallup,WDOH, 5
City of Puyallup,WDOE, 9
City of Puyallup,WDFW, 4
City of Puyallup,NPS, 1
City of Puyallup,City of Orting, 1
City of Puyallup,City of Milton, 1
City of Puyallup,City of Bonney Lake, 2
Stewardship Partners,UW, 1
Stewardship Partners,Pierce County, 1
Stewardship Partners,NOAA, 1
Stewardship Partners,King County, 3
Stewardship Partners,WDOE, 1
Stewardship Partners,WDFW, 1
Stewardship Partners,USFS, 1
Stewardship Partners,WDNR, 1
Stewardship Partners,City of Seattle, 1
Stewardship Partners,USFWS, 1
Stewardship Partners,Thurston County, 1
Stewardship Partners,NPS, 1
Stewardship Partners,Pierce Conservation District, 2
Stewardship Partners,The Nature Conservancy, 2
Stewardship Partners,Nisqually River Council, 1
Stewardship Partners,Taylor Shellfish Farms, 1
Stewardship Partners,South Puget Sound Salmon Enhancement, 1
Stewardship Partners,King Conservation District, 1
Stewardship Partners,Nisqually Tribe, 1
Point No Point Treaty Council,UW, 1
Point No Point Treaty Council,WDFW, 23
Point No Point Treaty Council,USFWS, 1
Point No Point Treaty Council,NMFS, 1
Point No Point Treaty Council,NWIFC, 1
Point No Point Treaty Council,HCCC, 3
Point No Point Treaty Council,Jamestown S'Klallam Tribe, 2
City of Bremerton,WDOH, 3
City of Bremerton,WDOE, 4
City of Bremerton,Kitsap County, 17
City of Bremerton,Kitsap Public Health District, 18
City of Bremerton,Association of Washington Cities, 4
Jefferson County,Pierce County, 2
Jefferson County,King County, 1
Jefferson County,WDOH, 1
Jefferson County,USCG, 1
Jefferson County,WDOE, 5
Jefferson County,WDFW, 2
Jefferson County,USFS, 1
Jefferson County,Kitsap County, 2
Jefferson County,Thurston County, 2
Jefferson County,NPS, 1
Jefferson County,Clallam County, 3
Jefferson County,Jefferson Conservation District, 1
City of Edmonds,WDOH, 2
City of Edmonds,Snohomish County, 2
City of Orting,Pierce County, 6
City of Orting,WDOH, 1
Jamestown S'Klallam Tribe,NWIFC, 2
Jamestown S'Klallam Tribe,Point No Point Treaty Council, 3
Jamestown S'Klallam Tribe,Port of Port Angeles, 1
Adopt-a-Stream Foundation,WDOE, 2
Adopt-a-Stream Foundation,WDFW, 1
Association of Washington Cities,UW, 1
Association of Washington Cities,Pierce County, 1
Association of Washington Cities,Kitsap County, 1
Association of Washington Cities,City of Seattle, 1
Association of Washington Cities,Kitsap Public Health District, 1
Association of Washington Cities,City of Bellingham, 1
Association of Washington Cities,Clallam County, 1
Association of Washington Cities,City of Newcastle, 1
Association of Washington Cities,City of Kirkland, 1
Association of Washington Cities,Port of Tacoma, 1
Association of Washington Cities,City of Lacey, 1
Association of Washington Cities,Whatcom County, 1
Association of Washington Cities,City of Tumwater, 1
Association of Washington Cities,Mason County, 1
Association of Washington Cities,City of Puyallup, 1
Association of Washington Cities,City of Bremerton, 1
Association of Washington Cities,Jefferson County, 2
Association of Washington Cities,City of Orting, 1
Association of Washington Cities,City of Poulsbo, 1
Association of Washington Cities,City of Gig Harbor, 1
Association of Washington Cities,City of Milton, 1
Association of Washington Cities,City of Arlington, 1
Association of Washington Cities,LOTT Clean Water Alliance, 1
Association of Washington Cities,City of Bonney Lake, 1
Association of Washington Cities,City of Redmond, 1
Association of Washington Cities,City of Mill Creek, 1
Association of Washington Cities,City of Oak Harbor, 1
Association of Washington Cities,City of Snohomish, 1
Seattle Aquarium,King County, 1
Seattle Aquarium,City of Seattle, 4
Seattle Aquarium,Northwest Straits Commission, 1
Seattle Aquarium,PSP, 1
Seattle Aquarium,Washington Sea Grant, 1
Seattle Aquarium,NWIFC, 1
Seattle Aquarium,OrcaNet, 1
Seattle Aquarium,The Nature Conservancy, 1
Seattle Aquarium,Puget Soundkeeper Alliance , 1
Seattle Aquarium,SeaDoc Society, 1
Seattle Aquarium,Washington Environmental Council, 1
Seattle Aquarium,Long Live the Kings, 1
City of Poulsbo,WDOE, 6
City of Poulsbo,WDFW, 1
City of Poulsbo,Kitsap County, 156
City of Poulsbo,WWU, 3
City of Gig Harbor,Pierce County, 10
City of Gig Harbor,Kitsap County, 3
City of Gig Harbor,WDNR, 2
City of Gig Harbor,Association of Washington Cities, 1
City of Gig Harbor,Harbor Wildwatch, 2
Skagit Fisheries Enhancement,King County, 1
Skagit Fisheries Enhancement,WDOE, 2
Skagit Fisheries Enhancement,WDFW, 2
Skagit Fisheries Enhancement,USFS, 1
Skagit Fisheries Enhancement,WDNR, 1
Skagit Fisheries Enhancement,City of Seattle, 1
Skagit Fisheries Enhancement,USFWS, 1
Skagit Fisheries Enhancement,PSP, 1
Skagit Fisheries Enhancement,WRCO, 2
Skagit Fisheries Enhancement,NPS, 1
Skagit Fisheries Enhancement,San Juan MRC, 1
Skagit Fisheries Enhancement,NWIFC, 1
Skagit Fisheries Enhancement,Skagit County, 4
Skagit Fisheries Enhancement,Island MRC, 1
Skagit Fisheries Enhancement,The Nature Conservancy, 1
Skagit Fisheries Enhancement,Skagit MRC, 4
Skagit Fisheries Enhancement,Padilla Bay National Estuarine Research Reserve, 3
Skagit Fisheries Enhancement,Skagit Conservation District, 1
Skagit Fisheries Enhancement,Friends of the San Juans, 1
Skagit Fisheries Enhancement,Skagit River System Cooperative, 1
Skagit Fisheries Enhancement,Skagit Land Trust, 3
City of Milton,Pierce County, 5
City of Milton,King County, 3
City of Milton,WDOE, 6
City of Milton,WDFW, 1
City of Milton,City of Seattle, 4
City of Milton,PSP, 1
City of Milton,Thurston County, 1
City of Milton,Pierce Conservation District, 1
City of Milton,City of Puyallup, 2
City of Milton,Citizens for a Healthy Bay, 1
Skagit Conservation District,USDA, 2
Skagit Conservation District,WDOE, 2
Skagit Conservation District,USFS, 2
Skagit Conservation District,WDNR, 8
Skagit Conservation District,Skagit County, 4
Skagit Conservation District,Whidbey Conservation District, 2
Skagit Conservation District,Snohomish Conservation District, 2
Skagit Conservation District,Thurston Conservation District, 2
Skagit Conservation District,Sound Salmon Solutions, 2
Wild Fish Conservancy,King County, 2
Wild Fish Conservancy,WDOE, 3
Wild Fish Conservancy,WDFW, 25
Wild Fish Conservancy,NWFSC, 2
Wild Fish Conservancy,WDNR, 3
Wild Fish Conservancy,USFWS, 3
Wild Fish Conservancy,PSP, 6
Wild Fish Conservancy,WRCO, 2
Wild Fish Conservancy,NPS, 2
Wild Fish Conservancy,King Conservation District, 1
Wild Fish Conservancy,SeaDoc Society, 3
Wild Fish Conservancy,Long Live the Kings, 1
RE Sources,WDOE, 11
RE Sources,WDNR, 2
RE Sources,National Wildlife Federation, 1
RE Sources,City of Bellingham, 4
RE Sources,Whatcom County, 7
RE Sources,Washington Environmental Council, 2
RE Sources,Sierra Club, 3
RE Sources,Lummi Tribe, 2
US Navy,USCG, 200
South Whidbey Tilth,Whidbey ECO Net, 1
Mason Conservation District,UW, 2
Mason Conservation District,WDOE, 10
Mason Conservation District,WDFW, 2
Mason Conservation District,WDNR, 2
Mason Conservation District,USFWS, 2
Mason Conservation District,South Puget Sound Salmon Enhancement, 3
Mason Conservation District,Mason County, 4
Mason Conservation District,Hood Canal Salmon Enhancement, 1
LOTT Clean Water Alliance,WDOE, 2
LOTT Clean Water Alliance,Thurston County, 2
LOTT Clean Water Alliance,City of Lacey, 4
LOTT Clean Water Alliance,City of Tumwater, 4
LOTT Clean Water Alliance,City of Olympia, 1
City of Kent,King County, 56
City of Kent,WDOH, 1
City of Kent,WDOE, 7
City of Kent,WDFW, 1
City of Kent,USFWS, 2
City of Kent,Port of Tacoma, 3
City of Kent,King Conservation District, 1
Harbor Wildwatch,WSP, 1
City of Bonney Lake,Pierce County, 16
City of Bonney Lake,WDOH, 2
City of Bonney Lake,WDOE, 2
Trout Unlimited,USFS, 2
Trout Unlimited,USFWS, 2
Thurston Conservation District,USDA, 1
Thurston Conservation District,WDOH, 1
Thurston Conservation District,WDOE, 4
Thurston Conservation District,WDFW, 1
Thurston Conservation District,WDNR, 2
Thurston Conservation District,USFWS, 3
Thurston Conservation District,PSP, 1
Thurston Conservation District,Thurston County, 15
Thurston Conservation District,National Wildlife Federation, 1
Thurston Conservation District,NWIFC, 1
Thurston Conservation District,Pierce Conservation District, 1
Thurston Conservation District,The Nature Conservancy, 1
Thurston Conservation District,Nisqually River Council, 6
Thurston Conservation District,City of Lacey, 1
Thurston Conservation District,City of Tumwater, 1
Thurston Conservation District,Taylor Shellfish Farms, 2
Thurston Conservation District,South Puget Sound Salmon Enhancement, 3
Thurston Conservation District,Nisqually Tribe, 1
Thurston Conservation District,Wild Fish Conservancy, 1
Thurston Conservation District,Mason Conservation District, 1
Thurston Conservation District,LOTT Clean Water Alliance, 1
Thurston Conservation District,Trout Unlimited, 1
Thurston Conservation District,Nisqually Land Trust, 1
Thurston Conservation District,City of Olympia, 1
Sierra Club,USFS, 1
Sierra Club,USFWS, 1
Sierra Club,NPS, 4
Sierra Club,National Wildlife Federation, 1
Sierra Club,Resource Media, 3
Skagit River System Cooperative,WDFW, 1
Skagit River System Cooperative,USFS, 1
Skagit River System Cooperative,WDNR, 1
Skagit River System Cooperative,City of Seattle, 1
Skagit River System Cooperative,Skagit County, 1
Skagit River System Cooperative,The Nature Conservancy, 1
Skagit River System Cooperative,Skagit Fisheries Enhancement, 1
Skagit River System Cooperative,Skagit Land Trust, 1
NOSC,WDOE, 1
NOSC,WDFW, 10
NOSC,USFWS, 1
NOSC,PSP, 1
NOSC,HCCC, 1
Skagit Land Trust,WDNR, 1
Skagit Land Trust,Skagit County, 5
Skagit Land Trust,Padilla Bay National Estuarine Research Reserve, 1
Skagit Land Trust,Taylor Shellfish Farms, 1
Skagit Land Trust,Skagit Conservation District, 1
Nisqually Land Trust,Nisqually River Council, 1
Nisqually Land Trust,Washington Environmental Council, 3
Long Live the Kings,UW, 1
Long Live the Kings,WDFW, 12
Long Live the Kings,NWFSC, 1
Long Live the Kings,USFS, 1
Long Live the Kings,USFWS, 7
Long Live the Kings,PSP, 1
Long Live the Kings,WRCO, 2
Long Live the Kings,NMFS, 4
Long Live the Kings,Tulalip Tribe, 1
Long Live the Kings,NWIFC, 1
Long Live the Kings,Point No Point Treaty Council, 3
Long Live the Kings,Jefferson County, 1
Long Live the Kings,Skokomish Tribe, 3
Long Live the Kings,Seattle Aquarium, 1
Long Live the Kings,Trout Unlimited, 1
Long Live the Kings,Hood Canal Salmon Enhancement, 1
SPU,King County, 4
SPU,WDOH, 1
SPU,City of Seattle, 2
SPU,NPS, 1
West Sound Watershed Council,Pierce County, 1
West Sound Watershed Council,WDFW, 1
West Sound Watershed Council,Kitsap County, 3
West Sound Watershed Council,PSP, 3
West Sound Watershed Council,WRCO, 1
West Sound Watershed Council,Washington Sea Grant, 24
West Sound Watershed Council,City of Bainbridge Island, 1
West Sound Watershed Council,Bainbridge Island Watershed Council, 1
West Sound Watershed Council,Great Peninsula Conservancy, 1
West Sound Watershed Council,Stillwaters Environmental Education Center, 1
Stillaguamish Watershed Council,WDOE, 1
Stillaguamish Watershed Council,WDFW, 2
Stillaguamish Watershed Council,Snohomish County, 2
Stillaguamish Watershed Council,PSP, 2
Stillaguamish Watershed Council,WRCO, 2
Stillaguamish Watershed Council,Tulalip Tribe, 1
Stillaguamish Watershed Council,Stillaguamish Tribe, 4
Stillaguamish Watershed Council,Snohomish Conservation District, 1
Stillaguamish Watershed Council,City of Arlington, 3
Stillaguamish Watershed Council,Wild Fish Conservancy, 1
Stillaguamish Watershed Council,Sound Salmon Solutions, 2
Port Townsend Marine Science Center,UW, 1
Port Townsend Marine Science Center,WDOH, 3
Port Townsend Marine Science Center,WDOE, 3
Port Townsend Marine Science Center,USFWS, 1
Port Townsend Marine Science Center,NMFS, 4
Port Townsend Marine Science Center,Washington Sea Grant, 1
Port Townsend Marine Science Center,OrcaNet, 1
Port Townsend Marine Science Center,Seattle Aquarium, 1
Port Townsend Marine Science Center,Seattle Audubon, 2
Port Townsend Marine Science Center,Sound Experience, 1
City of Sequim,NOAA, 1
City of Sequim,Clallam County, 5
City of Sequim,Association of Washington Cities, 1
Environmental Coaliton of South Seattle,King County, 4
Environmental Coaliton of South Seattle,WDOE, 1
Environmental Coaliton of South Seattle,City of Seattle, 3
Kitsap PUD,WDOH, 51
Kitsap PUD,WDOE, 47
Kitsap PUD,Kitsap County, 50
Whidbey ECO Net,UW, 1
Whidbey ECO Net,WDFW, 13
Whidbey ECO Net,WDNR, 2
Whidbey ECO Net,PSP, 6
Whidbey ECO Net,NPS, 3
Whidbey ECO Net,Snohomish MRC, 4
Whidbey ECO Net,WSUX, 1
Whidbey ECO Net,National Wildlife Federation, 2
Whidbey ECO Net,Island MRC, 11
Whidbey ECO Net,OrcaNet, 16
Whidbey ECO Net,Padilla Bay National Estuarine Research Reserve, 3
Whidbey ECO Net,Whidbey Conservation District, 11
Whidbey ECO Net,Whidbey/Camano Land Trust, 10
Whidbey ECO Net,Stewardship Partners, 1
Whidbey ECO Net,South Whidbey Tilth, 5
Whidbey ECO Net,SPU, 3
Lummi Tribe,Northwest Indian College, 3
Bainbridge Island Watershed Council,WDOE, 2
Bainbridge Island Watershed Council,WDFW, 1
Bainbridge Island Watershed Council,NWFSC, 1
Bainbridge Island Watershed Council,City of Bainbridge Island, 8
Bainbridge Island Watershed Council,WWU, 4
Bainbridge Island Watershed Council,Wild Fish Conservancy, 3
Seattle Audubon,NOAA, 1
Seattle Audubon,King County, 1
Seattle Audubon,USCG, 1
Seattle Audubon,WDOE, 3
Seattle Audubon,WDFW, 27
Seattle Audubon,USFS, 3
Seattle Audubon,WDNR, 6
Seattle Audubon,City of Seattle, 23
Seattle Audubon,USFWS, 3
Seattle Audubon,PSP, 2
Seattle Audubon,NMFS, 1
Seattle Audubon,National Wildlife Federation, 2
Seattle Audubon,USACOE, 1
Seattle Audubon,Skagit Land Trust, 1
Jefferson Conservation District,WDFW, 1
Urban Wilderness Project,UW, 1
Urban Wilderness Project,City of Seattle, 1
City of Redmond,Pierce County, 1
City of Redmond,King County, 40
City of Redmond,WDOE, 8
City of Redmond,WDFW, 3
City of Redmond,City of Seattle, 6
City of Redmond,USFWS, 1
City of Redmond,PSP, 1
City of Redmond,City of Bellevue, 3
City of Redmond,NPS, 1
Sound Experience,Taylor Shellfish Farms, 1
Hood Canal Salmon Enhancement,NOAA, 1
Hood Canal Salmon Enhancement,WDOH, 1
Hood Canal Salmon Enhancement,WDOE, 1
Hood Canal Salmon Enhancement,WDFW, 3
Hood Canal Salmon Enhancement,NWFSC, 1
Hood Canal Salmon Enhancement,USFWS, 1
Hood Canal Salmon Enhancement,PSP, 3
Hood Canal Salmon Enhancement,WRCO, 3
Hood Canal Salmon Enhancement,NWIFC, 2
Hood Canal Salmon Enhancement,HCCC, 2
Hood Canal Salmon Enhancement,Point No Point Treaty Council, 1
Hood Canal Salmon Enhancement,Skokomish Tribe, 1
Hood Canal Salmon Enhancement,Jamestown S'Klallam Tribe, 1
Hood Canal Salmon Enhancement,Kitsap Conservation District, 1
Hood Canal Salmon Enhancement,Mason Conservation District, 1
Hood Canal Salmon Enhancement,Long Live the Kings, 1
Hood Canal Salmon Enhancement,Jefferson Conservation District, 1
Hood Canal Salmon Enhancement,Suquamish Tribe, 1
City of Mill Creek,WDOE, 8
City of Mill Creek,WDFW, 2
City of Mill Creek,Snohomish County, 56
City of Mill Creek,PSP, 1
City of Mill Creek,City of Edmonds, 1
City of Oak Harbor,WDOH, 2
City of Oak Harbor,USCG, 1
City of Oak Harbor,WDOE, 1
City of Oak Harbor,City of Bonney Lake, 1
Great Peninsula Conservancy,Kitsap County, 3
Great Peninsula Conservancy,Pierce Conservation District, 1
Great Peninsula Conservancy,Stillwaters Environmental Education Center, 1
Wolf Hollow Wildlife Rehabilitation Center,SeaDoc Society, 1
City of Olympia,WDOH, 3
City of Olympia,WDOE, 3
City of Olympia,USFS, 1
City of Olympia,WDNR, 1
City of Olympia,Thurston County, 54
City of Olympia,City of Lacey, 6
City of Olympia,City of Tumwater, 6
City of Olympia,Nisqually Tribe, 1
City of Olympia,Association of Washington Cities, 1
City of Olympia,LOTT Clean Water Alliance, 4
City of Olympia,Thurston Conservation District, 1
Suquamish Tribe,WDFW, 2
Suquamish Tribe,NWIFC, 1
City of Snohomish,NOAA, 2
City of Snohomish,Snohomish County, 2
City of Snohomish,Tulalip Tribe, 1
Port of Port Angeles,USCG, 244
Port of Port Angeles,NPS, 6
Port of Port Angeles,Clallam County, 3
Port of Port Angeles,Jamestown S'Klallam Tribe, 1
Port of Port Angeles,City of Sequim, 1
Feiro Marine Life Center,WDFW, 1
Feiro Marine Life Center,PSP, 1
Feiro Marine Life Center,NPS, 2
Feiro Marine Life Center,Clallam County, 4
Feiro Marine Life Center,Jamestown S'Klallam Tribe, 1
Feiro Marine Life Center,NOSC, 1
San Juan ECO Net,PSP, 1
San Juan ECO Net,NPS, 2
San Juan ECO Net,San Juan County Land Bank, 1
San Juan ECO Net,San Juan MRC, 3
San Juan ECO Net,The Nature Conservancy, 1
San Juan ECO Net,SeaDoc Society, 1
San Juan ECO Net,Friends of the San Juans, 2
San Juan ECO Net,USEPA, 1
San Juan ECO Net,Indigenous Education Institute, 1
San Juan ECO Net,Wolf Hollow Wildlife Rehabilitation Center, 1
South Puget Sound LIO,PSP, 8
South Puget Sound LIO,WRCO, 1
Newcastle Weed Warriors,King County, 3
Newcastle Weed Warriors,PSP, 2
Newcastle Weed Warriors,National Wildlife Federation, 17
Newcastle Weed Warriors,City of Newcastle, 8
Newcastle Weed Warriors,King Conservation District, 2
Whatcom ECO Net,PSP, 4
City of Sammamish,NOAA, 1
City of Sammamish,King County, 461
City of Sammamish,WDOH, 8
City of Sammamish,WDOE, 15
City of Sammamish,WDFW, 5
City of Sammamish,WDNR, 1
City of Sammamish,City of Seattle, 1
City of Sammamish,PSP, 1
City of Sammamish,WSUX, 1
City of Sammamish,City of Kirkland, 8
City of Sammamish,King Conservation District, 2
City of Sammamish,Stewardship Partners, 1
Sudden Valley Community Association,WDFW, 4
San Juan County,King County, 3
San Juan County,WDOH, 5
San Juan County,WDOE, 6
San Juan County,San Juan County Land Bank, 62
San Juan County,WSUX, 23
San Juan County,San Juan MRC, 22
San Juan County,Skagit County, 1
San Juan County,WRIA 2 TAG, 3
PNNL,UW, 2
PNNL,NOAA, 2
PNNL,USACOE, 1
Point Defiance Zoo & Aquarium,WDOE, 2
Point Defiance Zoo & Aquarium,WDFW, 3
Point Defiance Zoo & Aquarium,Southwest Fisheries Science Center, 1
Point Defiance Zoo & Aquarium,NMFS, 1
Point Defiance Zoo & Aquarium,National Wildlife Federation, 1
Point Defiance Zoo & Aquarium,Puget Soundkeeper Alliance , 1
Point Defiance Zoo & Aquarium,Citizens for a Healthy Bay, 1
Point Defiance Zoo & Aquarium,Harbor Wildwatch, 1
Olympic Outdoor Center,WSP, 5
WA State Association of Counties,UW, 1
WA State Association of Counties,Pierce County, 1
WA State Association of Counties,King County, 1
WA State Association of Counties,WDOH, 1
WA State Association of Counties,Snohomish County, 1
WA State Association of Counties,Kitsap County, 1
WA State Association of Counties,WRCO, 1
WA State Association of Counties,Thurston County, 1
WA State Association of Counties,Clallam County, 1
WA State Association of Counties,Whatcom County, 1
WA State Association of Counties,Jefferson County, 1
WA State Association of Counties,San Juan County, 1
North Olympic Land Trust,USDA, 1
North Olympic Land Trust,WDFW, 1
North Olympic Land Trust,WDNR, 1
North Olympic Land Trust,USFWS, 1
North Olympic Land Trust,PSP, 1
North Olympic Land Trust,WRCO, 1
North Olympic Land Trust,NPS, 1
North Olympic Land Trust,Washington Sea Grant, 1
North Olympic Land Trust,Clallam County, 2
North Olympic Land Trust,The Nature Conservancy, 1
North Olympic Land Trust,Jamestown S'Klallam Tribe, 1
North Olympic Land Trust,NOSC, 1
North Olympic Land Trust,Clallam Conservation District, 1
LakeWhatcom.org,WDOE, 15
LakeWhatcom.org,WDNR, 4
LakeWhatcom.org,City of Bellingham, 5
City of Bothell,King County, 8
City of Bothell,WDOE, 2
City of Bothell,Snohomish County, 3
Chico Creek Task Force,Kitsap County, 1
City of Lake Stevens,WDFW, 2
City of Lake Stevens,Snohomish County, 112
City of Lake Stevens,Tulalip Tribe, 1
City of Lake Stevens,City of Edmonds, 2
Friends of the Issaquah Salmon Hatchery,King County, 2
Friends of the Issaquah Salmon Hatchery,WDFW, 6
Friends of North Creek Forest,Tulalip Tribe, 11
Friends of North Creek Forest,National Wildlife Federation, 1
Friends of North Creek Forest,Puget Soundkeeper Alliance , 11
Friends of North Creek Forest,Adopt-a-Stream Foundation, 1
Feet First,City of Seattle, 107
Feet First,City of Bellevue, 81
Environmental Science Associates,King County, 2
Environmental Science Associates,NPS, 3
Washington Trollers Association,WDFW, 1
Washington Trollers Association,NMFS, 1
Washington Trollers Association,Washington Sea Grant, 1
Water Tenders,The Nature Conservancy, 1
Water Tenders,Sierra Club, 1
Vashon Beach Naturalists,King County, 3
Vashon Beach Naturalists,WDFW, 4
Vashon Beach Naturalists,Washington Sea Grant, 1
Vashon Beach Naturalists,Seattle Aquarium, 1
Still Hope Productions,Northwest Straits Commission, 1
Still Hope Productions,PSP, 1
Still Hope Productions,Port Townsend Marine Science Center, 1
Still Hope Productions,Great Peninsula Conservancy, 1
