Assigned to,Organization,OrgType,website,twitter
Tyler,Adopt-a-Stream Foundation,NGO,,
Tyler,Association of Washington Cities,City_Gov,,
Tyler,Bainbridge Beach Naturalists,Local_Advocacy,,
Tyler,Bainbridge Island Watershed Council,Local_Commission,,
Tyler,BEACH Program,Local_Outreach/Ed,,
Tyler,Chambers/Clover Watershed Council,Local_Commission,,
Tyler,Chico Creek Task Force,Local_Advocacy,,
Tyler,Citizens for a Healthy Bay,Local_Advocacy,,
Tyler,Citizens of Orcas Island,Local_Advocacy,,
Tyler,City of Arlington,City_Gov,,
Tyler,City of Bainbridge Island,City_Gov,,
Tyler,City of Bellevue,City_Gov,,
Tyler,City of Bellingham,City_Gov,,
Tyler,City of Bellingham - Surface and Stormwater Utility,City_Gov,,
Tyler,City of Bonney Lake,City_Gov,,
Tyler,City of Bothell,City_Gov,,
Tyler,City of Bremerton,City_Gov,,
Tyler,City of Edmonds,City_Gov,,
Tyler,City of Everett,City_Gov,,
Tyler,City of Everett - Public Works,City_Gov,,
Tyler,City of Gig Harbor,City_Gov,,
Tyler,City of Kirkland,City_Gov,,
Tyler,City of Lake Stevens,City_Gov,,
Tyler,City of Mill Creek,City_Gov,,
Tyler,City of Milton,City_Gov,,
Tyler,City of Mukilteo,City_Gov,,
Tyler,City of Newcastle,City_Gov,,
Tyler,City of Oak Harbor,City_Gov,,
Tyler,City of Olympia,City_Gov,,
Tyler,City of Orting,City_Gov,,
Tyler,City of Port Angeles,City_Gov,,
Tyler,City of Puyallup,City_Gov,,
Tyler,City of Redmond,City_Gov,,
Tyler,City of Sammamish,City_Gov,,
Tyler,City of SeaTac,City_Gov,,
Tyler,City of Seattle,City_Gov,,
Tyler,City of Seattle - Public Utilities,City_Gov,,
Tyler,City of Seattle - Public Utilities Restore Our Waters,City_Gov,,
Tyler,City of Seattle - Restore Our Waters Program,City_Gov,,
Tyler,City of Sequim,City_Gov,,
Tyler,City of Snohomish,City_Gov,,
Tyler,City of Tumwater,City_Gov,,
Tyler,Clallam Conservation District,Special_District,,
Tyler,Clallam County,County_Gov,,
Tyler,Clallam County - Department of Community Development,County_Gov,,
Tyler,Clallam County Streamkeepers,Local_Advocacy,,
Tyler,Coupeville Middle School,Local_Outreach/Ed,,
Tyler,"Dumas & Associates, Inc.",Consulting,,
Tyler,ENVIRON,Consulting,,
Tyler,Environmental Coaliton of South Seattle,Local_Advocacy,,
Tyler,Environmental Science Associates,Consulting,,
Tyler,Feet First,Regional_Advocacy,,
Tyler,Feiro Marine Life Center,Local_Outreach/Ed,,
Tyler,Friends of Freeland,Local_Advocacy,,
Tyler,Friends of North Creek Forest,Local_Advocacy,,
Tyler,Friends of the Issaquah Salmon Hatchery,Local_Advocacy,,
Tyler,Friends of the San Juans,Local_Advocacy,,
Tyler,Futurewise,Regional_Advocacy,,
Tyler,Great Peninsula Conservancy,Local_Advocacy,,
Tyler,Greenfleet Monitoring Expeditions,Local_Outreach/Ed,,
Tyler,HCCC,Local_Commission,,
Tyler,Hood Canal Salmon Enhancement,Local_Commission,,
Tyler,Island County,County_Gov,,
Tyler,Island County Water Resources Advisory Committee,Local_Commission,,
Tyler,Island Salmon Recovery Lead Entity,Local_Commission,,
Tyler,Jamestown S'Klallam Tribe,Tribe,,
Tyler,Jefferson County,County_Gov,,
Tyler,Jefferson County - Department of Community Development,County_Gov,,
Tyler,Jefferson County - Environmental Health,County_Gov,,
Tyler,Jefferson MRC,Local_Commission,,
Tyler,King Conservation District,Special_District,,
Tyler,King County,County_Gov,,
Tyler,King County - DNR,County_Gov,,
Tyler,Kitsap Conservation District,Special_District,,
Tyler,Kitsap County,County_Gov,,
Tyler,Kitsap County - DCD/Natural Resources,County_Gov,,
Tyler,Kitsap County - Public Works Surface and Stormwater Management Program,County_Gov,,
Tyler,Kitsap County - Solid Waste Division,County_Gov,,
Tyler,Kitsap County - Surface and Stormwater Management,County_Gov,,
Tyler,Kitsap Public Health District,Special_District,,
Tyler,Kitsap PUD,Special_District,,
Tyler,LakeWhatcom.org,Local_Advocacy,,
Tyler,Long Live the Kings,NGO,,
Tyler,LOTT Clean Water Alliance,Local_Commission,,
Tyler,Lower Hood Canal Watershed Coalition,Local_Commission,,
Tyler,Lummi Tribe - Natural Resources Department,Tribe,,
Tyler,Mason Conservation District,Special_District,,
Tyler,Mason County,County_Gov,,
Tyler,Mason County - Public Health,County_Gov,,
Tyler,Mason County Public Health,County_Gov,,
Tyler,National Park Service - Olympic National Park,Federal_Agency,,
Tyler,NatureBridge,Local_Outreach/Ed,,
Tyler,Newcastle Weed Warriors,Local_Advocacy,,
Tyler,Nisqually Land Trust,Parks_Reserves,,
Tyler,Nisqually River Council,Local_Advocacy,,
Tyler,Nisqually River Foundation,Local_Advocacy,,
Tyler,Nisqually Tribe,Tribe,,
Tyler,NMFS,Federal_Agency,,
Tyler,NMFS - Habitat Consv Division,Federal_Agency,,
Tyler,NOAA,Federal_Agency,,
Tyler,NOAA - B-WET/Olympic Coast NMS,Federal_Agency,,
Tyler,Nooksack Salmon Enhancement Association,Local_Advocacy,,
Tyler,Nooksack Tribe - Natural Resources,Tribe,,
Tyler,North Olympic Land Trust,Parks_Reserves,,
Tyler,North Olympic Timber Action Committee,NR_Industry,,
Tyler,Northern Economics,Consulting,,
Tyler,Northwest Indian College,University_Research,,
Tyler,Northwest Straits Commission,Regional_Commission,,
Tyler,NOSC,Local_Commission,,
Tyler,NPS - San Juan Island National Historic Park,Parks_Reserves,,
Tyler,NWFSC,Federal_Agency,,
Tyler,NWIFC,Regional_Commission,,
Tyler,Olympic Outdoor Center,Local_Outreach/Ed,,
Tyler,OrcaNet,NGO,,
Tyler,Pacific Denkmann Company,NR_Industry,,
Tyler,Padilla Bay National Estuarine Research Reserve,Parks_Reserves,,
Tyler,Pierce Conservation District,Special_District,,
Adam,Pierce County - Surface Water Management,County_Gov,,
Adam,PNNL,Federal_Agency,,
Adam,Point Defiance Zoo & Aquarium,Local_Outreach/Ed,,
Adam,Point No Point Treaty Council,Tribe,,
Adam,Port of Tacoma,Special_District,,
Adam,Port Townsend Marine Science Center,Local_Outreach/Ed,,
Adam,PSP,State_Agency,,
Adam,PSP Leadership Council,State_Agency,,
Adam,Puget Sound Institute,University_Research,,
Adam,Puget Soundkeeper Alliance ,Local_Advocacy,,
Adam,Puyallup Tribe,Tribe,,
Adam,Resource Media,NGO,,
Adam,Salmon Recovery Funding Board,Regional_Commission,,
Adam,San Juan County,County_Gov,,
Adam,San Juan County - WSP,County_Gov,,
Adam,San Juan County Land Bank,County_Gov,,
Adam,San Juan County Water Resources Management Committee,Local_Commission,,
Adam,San Juan ECO Net,Local_Advocacy,,
Adam,San Juan MRC,Local_Commission,,
Adam,SeaDoc Society,University_Research,,
Adam,Seattle Aquarium,Local_Outreach/Ed,,
Adam,Seattle Audubon,NGO,,
Adam,Sierra Club,NGO,,
Adam,Sierra Club - North Olympic Group,NGO,,
Adam,Skagit Conservation District,Special_District,,
Adam,Skagit County,County_Gov,,
Adam,Skagit County - Planning and Development Services,County_Gov,,
Adam,Skagit County - Public Health,County_Gov,,
Adam,Skagit Fisheries Enhancement,Local_Commission,,
Adam,Skagit Land Trust,Parks_Reserves,,
Adam,Skagit MRC,Local_Commission,,
Adam,Skagit River System Cooperative,Tribe,,
Adam,Skagit Tribe,Tribe,,
Adam,Skokomish Tribe,Tribe,,
Adam,Snohomish Conservation District,Special_District,,
Adam,Snohomish County,County_Gov,,
Adam,Snohomish County - Surface Water Management,County_Gov,,
Adam,Snohomish MRC,Local_Commission,,
Adam,Snoqualmie Watershed Forum,Local_Commission,,
Adam,Sound Experience,Local_Outreach/Ed,,
Adam,Sound Salmon Solutions,Local_Advocacy,,
Adam,South Puget Sound LIO,Local_Commission,,
Adam,South Puget Sound Salmon Enhancement,Local_Commission,,
Adam,South Sound LIO,Local_Commission,,
Adam,South Sound Phase II Group,Local_Commission,,
Adam,South Whidbey Tilth,Local_Advocacy,,
Adam,Southwest Fisheries Science Center,Federal_Agency,,
Adam,SPU - Camp Casey,University_Research,,
Adam,Stanford,University_Research,,
Adam,Stewardship Partners,Regional_Advocacy,,
Adam,Still Hope Productions,Consulting,,
Adam,Stillaguamish Clean Water District,Local_Commission,,
Adam,Stillaguamish Tribe,Tribe,,
Adam,Stillaguamish Tribe - Natural Resources,Tribe,,
Adam,Stillaguamish Watershed Council,Local_Commission,,
Adam,Stillwaters Environmental Education Center,Local_Outreach/Ed,,
Adam,Suquamish Tribe,Tribe,,
Adam,Surfrider Foundation,NGO,,
Adam,Taylor Shellfish Farms,NR_Industry,,
Adam,The Nature Conservancy,NGO,,
Adam,Thurston Conservation District,Special_District,,
Adam,Thurston County,County_Gov,,
Adam,Thurston County - Board of Commissioners,County_Gov,,
Adam,Thurston County - Public Health,County_Gov,,
Adam,Trout Unlimited,NGO,,
Adam,Urban Wilderness Project,Local_Outreach/Ed,,
Adam,US Navy,Federal_Agency,,
Adam,USACOE,Federal_Agency,,
Adam,USCG,Federal_Agency,,
Adam,USDA,Federal_Agency,,
Adam,USEPA,Federal_Agency,,
Adam,USFS,Federal_Agency,,
Adam,USFWS,Federal_Agency,,
Adam,USFWS - Nisqually NWR/Ducks Unlimited,Federal_Agency,,
Adam,UW,University_Research,,
Adam,UW Tacoma,University_Research,,
Adam,Vashon Beach Naturalists,Local_Outreach/Ed,,
Adam,WA State Association of Counties,County_Gov,,
Adam,Washington Environmental Council,Regional_Commission,,
Adam,Washington Sea Grant,University_Research,,
Adam,Washington Trollers Association,NR_Industry,,
Adam,Water Tenders,Local_Advocacy,,
Adam,WDFW,State_Agency,,
Adam,WDNR,State_Agency,,
Adam,WDOE,State_Agency,,
Adam,WDOE - Hazardous Waste & Toxics Reduction Program,State_Agency,,
Adam,WDOH,State_Agency,,
Adam,West Sound Watershed Council,Local_Commission,,
Adam,Whatcom County - Health Department,County_Gov,,
Adam,Whatcom County - Public Works,County_Gov,,
Adam,Whatcom ECO Net - WWIN,Local_Advocacy,,
Adam,Whatcom MRC,Local_Commission,,
Adam,Whidbey Conservation District,Special_District,,
Adam,Whidbey Environmental Action Network,Local_Advocacy,,
Adam,Whidbey/Camano Land Trust,Parks_Reserves,,
Adam,Wild Fish Conservancy,NGO,,
Adam,Wolf Hollow Wildlife Rehabilitation Center,Local_Outreach/Ed,,
Adam,WRIA 10/12 - Lead Entity,Local_Commission,,
Adam,WRIA 2,Local_Commission,,
Adam,WRIA 2 TAG,Local_Commission,,
Adam,WRIA 6,Local_Commission,,
Adam,WRIA 8,Local_Commission,,
Adam,WRIA 8 - PSSRC,Local_Commission,,
Adam,WRIA 9,Local_Commission,,
Adam,WRIA 9 - Watershed Ecosystem Forum,Special_District,,
Adam,WSP - Deception Pass,Parks_Reserves,,
Adam,WSUX,University_Research,,
Adam,WSUX Beachwatchers,Local_Advocacy,,
Adam,WSUX Beachwatchers - Island County,Local_Advocacy,,
Adam,WSUX CarbonMasters,Regional_Advocacy,,
Adam,WSUX Clallam,University_Research,,
Adam,WSUX Island Waste Wise,Local_Outreach/Ed,,
Adam,WSUX Jefferson,University_Research,,
Adam,WSUX Kitsap,University_Research,,
Adam,WSUX Mason,University_Research,,
Adam,WWU,University_Research,,
Adam,WWU/Huxley College on the Peninsulas,University_Research,,
