PrimaryOrg,ExtraOrg,OrgType,webpage,twitter
Pierce Conservation District,,Special_District,http://www.piercecountycd.org/,
Pierce County,Surface Water Management,County_Gov,https://www.co.pierce.wa.us/index.aspx?NID=1857,
PNNL,,Federal_Agency,http://www.pnnl.gov/,PNNLab
Point Defiance Zoo & Aquarium,,Local_Outreach/Ed,http://www.pdza.org/,PtDefianceZoo
Point No Point Treaty Council,,Tribe,http://www.pnptc.org/,
Port of Tacoma,,Special_District,http://portoftacoma.com/,PortofTacoma
Port Townsend Marine Science Center,,Local_Outreach/Ed,http://www.ptmsc.org/,PTMarineScience
PSP,,State_Agency,http://www.psp.wa.gov/,PSPartnership
PSP Leadership Council,,State_Agency,,
Puget Sound Institute,,University_Research,http://www.tacoma.uw.edu/center-urban-waters/puget-sound-institute-social-links,PugetSoundInst
Puget Soundkeeper Alliance ,,Local_Advocacy,http://www.pugetsoundkeeper.org/,PugetSKeeper
Puyallup Tribe,,Tribe,http://www.puyallup-tribe.com,puyalluptribe
Resource Media,,NGO,http://www.resource-media.org/,Rmedia
Salmon Recovery Funding Board,,Regional_Commission,http://www.rco.wa.gov/boards/srfb.shtml,
San Juan County,WSP,County_Gov,,
San Juan County,,County_Gov,http://sanjuanco.com/,SanJuanCountyWA
San Juan County Land Bank,,County_Gov,http://sjclandbank.org/,
San Juan County Water Resources Management Committee,,Local_Commission,http://www.sanjuanco.com/440/Water-Resource-Management-Committee,
San Juan ECO Net,,Local_Advocacy,http://stewardshipsanjuans.org/,
San Juan MRC,,Local_Commission,http://www.sjcmrc.org/,
SeaDoc Society,,University_Research,http://www.seadocsociety.org/,SeaDocSociety
Seattle Aquarium,,Local_Outreach/Ed,http://www.seattleaquarium.org/,SeattleAquarium
Seattle Audubon,,NGO,http://www.seattleaudubon.org,SeattleAudubon
Sierra Club,North Olympic Group,NGO,http://www.sierraclub.org/washington/north-olympic,
Sierra Club,,NGO,http://www.sierraclub.org/,sierraclub
Skagit Conservation District,,Special_District,http://www.skagitcd.org/,
Skagit County,,County_Gov,http://www.skagitcounty.net,SkagitGov
Skagit County,Public Health,County_Gov,http://www.skagitcounty.net/Departments/Health,
Skagit County,Planning and Development Services,County_Gov,http://www.skagitcounty.net/Departments/PlanningAndPermit,
Skagit Fisheries Enhancement,,Local_Commission,http://www.skagitfisheries.org/,SkagitFisheries
Skagit Land Trust,,Parks_Reserves,http://www.skagitlandtrust.org/,SkagitLandTrust
Skagit MRC,,Local_Commission,http://www.skagitmrc.org/,
Skagit River System Cooperative,,Tribe,https://skagitcoop.org/,
Skagit Tribe,,Tribe,http://upperskagit.nsopw.gov,
Skokomish Tribe,,Tribe,http://www.skokomish.org/,
Snohomish Conservation District,,Special_District,http://snohomishcd.org/,
Snohomish County,,County_Gov,http://snohomishcountywa.gov/,snocounty
Snohomish County,Surface Water Management,County_Gov,http://snohomishcountywa.gov/208/Surface-Water-Management,
Snohomish MRC,,Local_Commission,http://www.snocomrc.org/,
Snoqualmie Watershed Forum,,Local_Commission,http://www.govlink.org/watersheds/7/,
Sound Experience,,Local_Outreach/Ed,http://www.soundexp.org/,SoundExperience
Sound Salmon Solutions,,Local_Advocacy,http://www.soundsalmonsolutions.org/,
South Puget Sound LIO,,Local_Commission,,
South Puget Sound Salmon Enhancement,,Local_Commission,http://spsseg.org/,
South Sound LIO,,Local_Commission,http://www.healthysouthsound.org/,
South Sound Phase II Group,,Local_Commission,,
South Whidbey Tilth,,Local_Advocacy,http://www.southwhidbeytilth.org/,
Southwest Fisheries Science Center,,Federal_Agency,https://swfsc.noaa.gov/,
SPU,Camp Casey,University_Research,http://www.gocampcasey.org/,gocampcasey
Stanford,,University_Research,https://www.stanford.edu/,Stanford
Stewardship Partners,,Regional_Advocacy,http://www.stewardshippartners.org/,StewardshipP
Still Hope Productions,,Consulting,http://stillhopeproductions.weebly.com/,
Stillaguamish Clean Water District,,Local_Commission,http://snohomishcountywa.gov/169/CWD-Advisory-Board,
Stillaguamish Tribe,Natural Resources,Tribe,http://www.stillaguamish.com/naturalresources.asp,
Stillaguamish Tribe,,Tribe,http://www.stillaguamish.com/,
Stillaguamish Watershed Council,,Local_Commission,http://www.stillaguamishwatershed.org/,
Stillwaters Environmental Education Center,,Local_Outreach/Ed,,
Suquamish Tribe,,Tribe,,
Surfrider Foundation,,NGO,,
Taylor Shellfish Farms,,NR_Industry,,
The Nature Conservancy,,NGO,,
Thurston Conservation District,,Special_District,,
Thurston County,Public Health,County_Gov,,
Thurston County,Board of Commissioners,County_Gov,,
Thurston County,,County_Gov,,
Trout Unlimited,,NGO,,
Urban Wilderness Project,,Local_Outreach/Ed,,
US Navy,,Federal_Agency,,
USACOE,,Federal_Agency,,
USCG,,Federal_Agency,,
USDA,,Federal_Agency,,
USEPA,,Federal_Agency,,
USFS,,Federal_Agency,,
USFWS,,Federal_Agency,,
USFWS,Nisqually NWR/Ducks Unlimited,Federal_Agency,,
UW,,University_Research,,
UW Tacoma,,University_Research,,
Vashon Beach Naturalists,,Local_Outreach/Ed,,
WA State Association of Counties,,County_Gov,,
Washington Environmental Council,,Regional_Commission,,
Washington Sea Grant,,University_Research,,
Washington Trollers Association,,NR_Industry,,
Water Tenders,,Local_Advocacy,,
WDFW,,State_Agency,,
WDNR,,State_Agency,,
WDOE,Hazardous Waste & Toxics Reduction Program,State_Agency,,
WDOE,,State_Agency,,
WDOH,,State_Agency,,
West Sound Watershed Council,,Local_Commission,,
Whatcom County,Health Department,County_Gov,,
Whatcom County,Public Works,County_Gov,,
Whatcom ECO Net,WWIN,Local_Advocacy,,
Whatcom MRC,,Local_Commission,,
Whidbey Conservation District,,Special_District,,
Whidbey Environmental Action Network,,Local_Advocacy,,
Whidbey/Camano Land Trust,,Parks_Reserves,,
Wild Fish Conservancy,,NGO,,
Wolf Hollow Wildlife Rehabilitation Center,,Local_Outreach/Ed,,
WRIA 10/12,Lead Entity,Local_Commission,,
WRIA 2,,Local_Commission,,
WRIA 2 TAG,,Local_Commission,,
WRIA 6,,Local_Commission,,
WRIA 8,,Local_Commission,,
WRIA 8,PSSRC,Local_Commission,,
WRIA 9,,Local_Commission,,
WRIA 9,Watershed Ecosystem Forum,Special_District,,
WSP,Deception Pass,Parks_Reserves,,
WSUX,,University_Research,,
WSUX Beachwatchers,Island County,Local_Advocacy,,
WSUX Beachwatchers,,Local_Advocacy,,
WSUX CarbonMasters,,Regional_Advocacy,,
WSUX Clallam,,University_Research,,
WSUX Island Waste Wise,,Local_Outreach/Ed,,
WSUX Jefferson,,University_Research,,
WSUX Kitsap,,University_Research,,
WSUX Mason,,University_Research,,
WWU,,University_Research,,
WWU/Huxley College on the Peninsulas,,University_Research,,
