Association of Washington Cities,City of Bellevue,6
Association of Washington Cities,City of Redmond,6
Association of Washington Cities,City of Kirkland,3
Association of Washington Cities,UW,1
Association of Washington Cities,City of Olympia,5
Association of Washington Cities,WA State Association of Counties,5
Association of Washington Cities,WDOE,3
Association of Washington Cities,City of Everett,2
Association of Washington Cities,City of Seattle,4
Association of Washington Cities,City of Bothell,1
Association of Washington Cities,Snohomish County,1
Association of Washington Cities,City of Lacey,2
Association of Washington Cities,City of Arlington,2
Association of Washington Cities,City of Kent,1
Association of Washington Cities,City of Oak Harbor,1
Association of Washington Cities,City of Puyallup,1
Association of Washington Cities,WDOH,3
Association of Washington Cities,City of Lake Stevens,1
Association of Washington Cities,PSP,1
Bainbridge Beach Naturalists,City of Bainbridge Island,1
Citizens for a Healthy Bay,Port of Tacoma,78
Citizens for a Healthy Bay,Pierce County,5
Citizens for a Healthy Bay,WDOE,17
Citizens for a Healthy Bay,UW,3
Citizens for a Healthy Bay,UW Tacoma,9
Citizens for a Healthy Bay,Puget Soundkeeper Alliance ,5
Citizens for a Healthy Bay,Sierra Club,1
Citizens for a Healthy Bay,USEPA,6
Citizens for a Healthy Bay,City of Seattle,1
Citizens for a Healthy Bay,Washington Environmental Council,1
Citizens for a Healthy Bay,PSP,3
Citizens for a Healthy Bay,Taylor Shellfish Farms,6
Citizens for a Healthy Bay,NWIFC,1
Citizens for a Healthy Bay,NOAA,4
Citizens for a Healthy Bay,Washington Sea Grant,2
Citizens for a Healthy Bay,USDA,1
Citizens for a Healthy Bay,Seattle Aquarium,1
Citizens for a Healthy Bay,OrcaNet,1
Citizens for a Healthy Bay,Point Defiance Zoo & Aquarium,1
Citizens for a Healthy Bay,USACOE,1
City of Bainbridge Island,WDNR,1
City of Bellevue,City of Bellingham,1
City of Bellevue,King Conservation District,1
City of Bellevue,King County,6
City of Bellevue,UW,1
City of Bellevue,City of Newcastle,1
City of Bellevue,Futurewise,4
City of Bellevue,City of Kirkland,2
City of Bonney Lake,Pierce County,3
City of Bothell,Snohomish County,5
City of Bothell,City of Seattle,1
City of Bothell,Feet First,1
City of Everett,Snohomish County,11
City of Everett,WDOE,2
City of Everett,USEPA,1
City of Kirkland,WDFW,1
City of Kirkland,NPS,1
City of Kirkland,City of Bellevue,1
City of Kirkland,Association of Washington Cities,5
City of Kirkland,WSP,1
City of Kirkland,WDNR,2
City of Kirkland,City of Redmond,1
City of Lacey,Association of Washington Cities,1
City of Lacey,Thurston Conservation District,1
City of Lacey,Thurston County,1
City of Lacey,City of Olympia,1
City of Lacey,King County,1
City of Mukilteo,Snohomish County,1
City of Newcastle,King County,1
City of Olympia,City of Lacey,4
City of Olympia,Thurston County,5
City of Olympia,City of Bremerton,1
City of Olympia,USEPA,1
City of Olympia,City of Seattle,2
City of Olympia,King County,1
City of Puyallup,WDNR,6
City of Puyallup,Pierce County,14
City of Puyallup,WDFW,2
City of Puyallup,Stewardship Partners,1
City of Puyallup,WDOH,2
City of Puyallup,PSP,1
City of Redmond,City of Bothell,1
City of Redmond,City of Bellevue,1
City of Redmond,City of Kirkland,4
City of Redmond,City of Seattle,1
City of Redmond,UW,1
City of Redmond,King County,2
City of Redmond,City of Puyallup,3
City of Seattle,City of Everett,1
City of Seattle,UW,3
City of Seattle,Snohomish County,2
City of Seattle,City of Arlington,1
City of Seattle,King County,12
City of Seattle,City of Snohomish,1
City of Snohomish,Snohomish County,1
City of Snohomish,City of Seattle,2
Environmental Coaliton of South Seattle,USEPA,1
Environmental Coaliton of South Seattle,Washington Environmental Council,3
Feet First,City of Seattle,7
Feet First,NPS,3
Feet First,City of Bothell,2
Feet First,UW,1
Feet First,City of Redmond,16
Feet First,WDOH,1
Feet First,City of Bremerton,1
Feet First,City of Bonney Lake,2
Feet First,City of Mukilteo,1
Feet First,Futurewise,3
Feet First,City of Kirkland,2
Feet First,King County,1
Feet First,City of Bellevue,2
Feet First,WSP,1
Feet First,Washington Environmental Council,1
Feet First,National Wildlife Federation,1
Feet First,PSP,1
Feiro Marine Life Center,Northwest Straits Commission,5
Feiro Marine Life Center,National Park Service,6
Feiro Marine Life Center,WDFW,3
Feiro Marine Life Center,NWIFC,1
Feiro Marine Life Center,WSP,1
Feiro Marine Life Center,Clallam County,6
Feiro Marine Life Center,Washington Sea Grant,5
Feiro Marine Life Center,WWU/Huxley College on the Peninsulas,3
Feiro Marine Life Center,WDOE,1
Feiro Marine Life Center,NWFSC,1
Feiro Marine Life Center,PNNL,1
Feiro Marine Life Center,PSP,2
Feiro Marine Life Center,Seattle Audubon,1
Feiro Marine Life Center,UW,1
Feiro Marine Life Center,SeaDoc Society,1
Feiro Marine Life Center,The Nature Conservancy,1
Feiro Marine Life Center,NPS,4
Feiro Marine Life Center,Seattle Aquarium,1
Feiro Marine Life Center,Port Townsend Marine Science Center,1
Feiro Marine Life Center,USFS,1
Friends of the Issaquah Salmon Hatchery,WSP,10
Friends of the Issaquah Salmon Hatchery,PSP,1
Friends of the Issaquah Salmon Hatchery,King Conservation District,1
Friends of the Issaquah Salmon Hatchery,Puget Soundkeeper Alliance ,1
Friends of the Issaquah Salmon Hatchery,WDFW,1
Friends of the Issaquah Salmon Hatchery,Sound Salmon Solutions,1
Friends of the Issaquah Salmon Hatchery,Taylor Shellfish Farms,1
Friends of the Issaquah Salmon Hatchery,National Wildlife Federation,1
Friends of the Issaquah Salmon Hatchery,Washington Environmental Council,1
Futurewise,City of Bellevue,7
Futurewise,Association of Washington Cities,1
Futurewise,Taylor Shellfish Farms,4
Futurewise,King County,10
Futurewise,City of Everett,2
Futurewise,Pierce County,3
Futurewise,Feet First,6
Futurewise,Seattle Aquarium,1
Futurewise,WDOE,14
Futurewise,PSP,6
Futurewise,City of Seattle,4
Futurewise,Washington Environmental Council,13
Futurewise,OrcaNet,1
Futurewise,City of Redmond,1
Futurewise,Skagit County,1
Futurewise,City of Bremerton,2
Futurewise,UW Tacoma,1
Futurewise,Nisqually River Council,1
Futurewise,Nisqually Tribe,1
Futurewise,City of Bothell,1
Futurewise,National Wildlife Federation,1
Futurewise,UW,4
Futurewise,Snohomish County,1
Hood Canal Salmon Enhancement,National Park Service,1
Hood Canal Salmon Enhancement,WDOE,1
Hood Canal Salmon Enhancement,NPS,1
Hood Canal Salmon Enhancement,WDFW,1
King Conservation District,King County,1
King Conservation District,Newcastle Weed Warriors,1
King County,UW,10
King County,Snohomish County,1
King County,USCG,1
King County,City of Seattle,3
King County,City of Kirkland,2
King County,The Nature Conservancy,1
King County,USEPA,1
King County,WDOH,1
King County,City of Redmond,1
Long Live the Kings,PSP,4
Long Live the Kings,The Nature Conservancy,1
Long Live the Kings,Seattle Aquarium,5
Long Live the Kings,NMFS,1
Long Live the Kings,WWU,1
Long Live the Kings,WDOE,1
Long Live the Kings,OrcaNet,1
Long Live the Kings,SeaDoc Society,1
Long Live the Kings,WDFW,1
Long Live the Kings,UW,2
Long Live the Kings,Trout Unlimited,1
Mason County,WDOH,2
Mason County,USEPA,4
Mason County,USDA,1
National Park Service,NPS,9
National Park Service,Sierra Club,1
National Park Service,Clallam County,1
National Park Service,WSP,1
National Park Service,NatureBridge,1
National Wildlife Federation,USEPA,11
National Wildlife Federation,USFWS,6
National Wildlife Federation,The Nature Conservancy,5
National Wildlife Federation,Sierra Club,2
National Wildlife Federation,NPS,4
National Wildlife Federation,NMFS,2
National Wildlife Federation,Trout Unlimited,1
National Wildlife Federation,NOAA,4
National Wildlife Federation,Surfrider Foundation,1
NatureBridge,NPS,56
NatureBridge,National Park Service,22
NatureBridge,National Wildlife Federation,12
NatureBridge,Sierra Club,2
NatureBridge,The Nature Conservancy,9
NatureBridge,USFS,2
NatureBridge,Stanford,3
NatureBridge,Feiro Marine Life Center,2
NatureBridge,NOAA,2
NatureBridge,USDA,1
NatureBridge,USEPA,1
Newcastle Weed Warriors,King Conservation District,1
NMFS,NOAA,268
NMFS,USCG,2
NMFS,NWFSC,16
NMFS,The Nature Conservancy,2
NMFS,US Navy,1
NOAA,US Navy,2
NOAA,NMFS,19
NOAA,USEPA,2
Nooksack Salmon Enhancement Association,WWU,1
Nooksack Salmon Enhancement Association,WWU/Huxley College on the Peninsulas,1
Nooksack Salmon Enhancement Association,WDNR,1
Northwest Indian College,RE Sources,1
Northwest Straits Commission,PSP,8
Northwest Straits Commission,Surfrider Foundation,1
Northwest Straits Commission,WDFW,8
Northwest Straits Commission,SeaDoc Society,4
Northwest Straits Commission,Feiro Marine Life Center,3
Northwest Straits Commission,Washington Sea Grant,4
Northwest Straits Commission,RE Sources,1
Northwest Straits Commission,Tulalip Tribe,1
Northwest Straits Commission,WDNR,2
Northwest Straits Commission,Snohomish County,1
Northwest Straits Commission,USEPA,1
Northwest Straits Commission,NWFSC,1
Northwest Straits Commission,Seattle Aquarium,1
Northwest Straits Commission,Taylor Shellfish Farms,1
Northwest Straits Commission,Long Live the Kings,1
Northwest Straits Commission,WSP,1
Northwest Straits Commission,NOAA,1
Northwest Straits Commission,WDOE,1
NPS,USFS,1
NPS,Sierra Club,2
NPS,USCG,1
NPS,USEPA,1
NPS,NOAA,1
NWFSC,NOAA,36
NWFSC,The Nature Conservancy,2
NWFSC,UW,11
NWFSC,NMFS,32
NWFSC,Washington Sea Grant,3
NWFSC,USDA,1
NWFSC,PSP,6
NWFSC,Seattle Aquarium,4
NWFSC,SeaDoc Society,1
NWFSC,OrcaNet,3
NWFSC,WDFW,3
NWFSC,City of Seattle,1
NWFSC,Stanford,2
NWFSC,Long Live the Kings,1
NWFSC,NatureBridge,1
NWFSC,USEPA,1
NWFSC,Taylor Shellfish Farms,1
NWFSC,WDNR,1
NWFSC,Nooksack Salmon Enhancement Association,1
NWFSC,NPS,1
OrcaNet,WDFW,1
Pierce County,City of Puyallup,7
Pierce County,UW Tacoma,4
Pierce County,WDOE,1
Pierce County,Snohomish County,2
Pierce County,Port of Tacoma,2
Pierce County,WDNR,1
Pierce County,King County,1
Pierce County,WDOH,1
PNNL,UW,10
Port of Tacoma,Citizens for a Healthy Bay,25
Port of Tacoma,UW Tacoma,3
Port of Tacoma,Pierce County,7
Port of Tacoma,PSP,1
Port of Tacoma,NOAA,1
Port of Tacoma,UW,4
Port of Tacoma,City of Kent,1
Port of Tacoma,Point Defiance Zoo & Aquarium,1
Port of Tacoma,USEPA,8
Port of Tacoma,WDOE,1
Port Townsend Marine Science Center,WDFW,2
Port Townsend Marine Science Center,SeaDoc Society,4
Port Townsend Marine Science Center,WDNR,1
Port Townsend Marine Science Center,OrcaNet,3
Port Townsend Marine Science Center,The Nature Conservancy,1
PSP,WDOE,45
PSP,Long Live the Kings,7
PSP,UW,1
PSP,Washington Environmental Council,8
PSP,WA State Association of Counties,1
PSP,The Nature Conservancy,2
PSP,Thurston Conservation District,1
PSP,Taylor Shellfish Farms,15
PSP,WDFW,6
PSP,Pierce County,2
PSP,San Juan County,2
PSP,Skagit County,4
PSP,Kitsap County,1
PSP,Northwest Straits Commission,6
PSP,Citizens for a Healthy Bay,3
PSP,NMFS,2
PSP,NWIFC,13
PSP,OrcaNet,2
PSP,NWFSC,4
PSP,WDNR,13
PSP,WWU/Huxley College on the Peninsulas,1
PSP,NOAA,8
PSP,USEPA,3
PSP,SeaDoc Society,3
PSP,WWU,1
PSP,Puget Sound Institute,1
PSP,Nooksack Salmon Enhancement Association,1
PSP,Washington Sea Grant,1
PSP,Futurewise,3
PSP,WDOH,3
PSP,Puget Soundkeeper Alliance ,1
PSP,City of Bellingham,4
PSP,Stewardship Partners,3
PSP,Seattle Aquarium,6
PSP,Port of Tacoma,2
PSP,King County,1
PSP,City of Seattle,1
PSP,Sound Experience,1
Puget Sound Institute,NOAA,1
Puget Sound Institute,PSP,6
Puget Sound Institute,USEPA,3
Puget Sound Institute,WDNR,1
Puget Sound Institute,NWFSC,1
Puget Soundkeeper Alliance ,Citizens for a Healthy Bay,7
Puget Soundkeeper Alliance ,OrcaNet,7
Puget Soundkeeper Alliance ,NMFS,2
Puget Soundkeeper Alliance ,NWFSC,4
Puget Soundkeeper Alliance ,SeaDoc Society,1
Puget Soundkeeper Alliance ,Washington Sea Grant,4
Puget Soundkeeper Alliance ,NOAA,2
Puget Soundkeeper Alliance ,USFWS,1
Puget Soundkeeper Alliance ,Northwest Straits Commission,2
Puget Soundkeeper Alliance ,Skagit County,1
Puget Soundkeeper Alliance ,Tulalip Tribe,1
Puget Soundkeeper Alliance ,WDOE,6
Puget Soundkeeper Alliance ,USEPA,7
Puget Soundkeeper Alliance ,Puget Sound Institute,1
Puget Soundkeeper Alliance ,RE Sources,4
Puget Soundkeeper Alliance ,Seattle Aquarium,2
Puget Soundkeeper Alliance ,Sierra Club,7
Puget Soundkeeper Alliance ,WDFW,1
Puget Soundkeeper Alliance ,Washington Environmental Council,4
Puget Soundkeeper Alliance ,PSP,6
Puget Soundkeeper Alliance ,NWIFC,5
Puget Soundkeeper Alliance ,NPS,1
Puget Soundkeeper Alliance ,Sound Salmon Solutions,1
Puget Soundkeeper Alliance ,Taylor Shellfish Farms,4
Puget Soundkeeper Alliance ,Long Live the Kings,1
Resource Media,City of Seattle,1
Resource Media,The Nature Conservancy,4
Resource Media,Sierra Club,4
Resource Media,National Wildlife Federation,2
Resource Media,USEPA,4
SeaDoc Society,NWIFC,3
SeaDoc Society,WDNR,3
SeaDoc Society,Washington Environmental Council,1
SeaDoc Society,PSP,3
SeaDoc Society,Surfrider Foundation,3
SeaDoc Society,Port Townsend Marine Science Center,4
SeaDoc Society,WDOE,1
SeaDoc Society,Seattle Aquarium,2
Seattle Aquarium,Puget Soundkeeper Alliance ,1
Seattle Aquarium,WDFW,1
Seattle Aquarium,Sound Experience,1
Seattle Aquarium,Taylor Shellfish Farms,1
Seattle Aquarium,NWFSC,2
Seattle Aquarium,Point Defiance Zoo & Aquarium,3
Seattle Aquarium,NOAA,1
Seattle Aquarium,WDOE,1
Seattle Aquarium,Harbor Wildwatch,2
Seattle Aquarium,UW,2
Seattle Aquarium,WSP,2
Seattle Audubon,Puget Soundkeeper Alliance ,3
Seattle Audubon,NWFSC,1
Seattle Audubon,Washington Environmental Council,3
Seattle Audubon,Sierra Club,2
Seattle Audubon,NPS,1
Seattle Audubon,The Nature Conservancy,1
Seattle Audubon,Seattle Aquarium,2
Seattle Audubon,Port Townsend Marine Science Center,2
Seattle Audubon,WSP,2
Sierra Club,USEPA,34
Sierra Club,USFWS,2
Sierra Club,NPS,24
Sierra Club,USFS,1
Skagit Fisheries Enhancement,WDNR,1
Skagit Fisheries Enhancement,WDFW,1
Skagit Land Trust,Taylor Shellfish Farms,1
Snohomish County,City of Arlington,4
Snohomish County,City of Bothell,1
Snohomish County,City of Mukilteo,2
Snohomish County,WDOE,7
Snohomish County,City of Bellevue,1
Snohomish County,City of Everett,8
Snohomish County,UW,1
Snohomish County,NOAA,1
Snohomish County,Pierce County,4
Snohomish County,USDA,4
Snohomish County,King County,1
Snohomish County,WA State Association of Counties,1
Snohomish County,USACOE,2
Sound Experience,Seattle Aquarium,11
Sound Experience,Port of Tacoma,1
Sound Experience,NatureBridge,3
Sound Experience,NPS,4
Sound Experience,Port Townsend Marine Science Center,7
Sound Experience,OrcaNet,2
Sound Experience,PSP,1
Sound Experience,WDOE,2
Sound Salmon Solutions,WDOE,1
Sound Salmon Solutions,Taylor Shellfish Farms,2
Sound Salmon Solutions,NOAA,1
SPU,UW,1
SPU,WWU,1
Stewardship Partners,City of Seattle,2
Stewardship Partners,King Conservation District,1
Stewardship Partners,Puget Soundkeeper Alliance ,4
Stewardship Partners,UW,2
Stewardship Partners,Kitsap County,1
Stewardship Partners,WDOE,4
Stewardship Partners,Nisqually River Council,1
Stewardship Partners,NWIFC,5
Stewardship Partners,Sound Salmon Solutions,1
Stewardship Partners,Friends of the Issaquah Salmon Hatchery,1
Stewardship Partners,WDFW,1
Stewardship Partners,Long Live the Kings,1
Stewardship Partners,PSP,4
Stewardship Partners,Seattle Aquarium,1
Stewardship Partners,Washington Environmental Council,1
Stewardship Partners,The Nature Conservancy,1
Stewardship Partners,Skagit Land Trust,1
Surfrider Foundation,The Nature Conservancy,2
Surfrider Foundation,NOAA,9
Surfrider Foundation,USEPA,13
Surfrider Foundation,Stanford,2
Taylor Shellfish Farms,Puget Soundkeeper Alliance ,1
Taylor Shellfish Farms,Washington Environmental Council,2
Taylor Shellfish Farms,NWIFC,4
Taylor Shellfish Farms,NOAA,10
Taylor Shellfish Farms,NWFSC,1
Taylor Shellfish Farms,WSP,2
Taylor Shellfish Farms,Skagit Land Trust,1
Taylor Shellfish Farms,Sound Experience,2
Taylor Shellfish Farms,PSP,11
Taylor Shellfish Farms,NatureBridge,1
Taylor Shellfish Farms,WDOE,2
Taylor Shellfish Farms,The Nature Conservancy,5
Taylor Shellfish Farms,Surfrider Foundation,2
The Nature Conservancy,USDA,1
The Nature Conservancy,NPS,2
The Nature Conservancy,NOAA,3
The Nature Conservancy,Seattle Aquarium,1
The Nature Conservancy,Surfrider Foundation,1
Thurston County,City of Lacey,1
Trout Unlimited,NMFS,2
Trout Unlimited,NPS,6
Trout Unlimited,USFS,21
Trout Unlimited,USEPA,30
Trout Unlimited,The Nature Conservancy,3
Trout Unlimited,National Wildlife Federation,11
Trout Unlimited,WDFW,1
Trout Unlimited,NOAA,2
Trout Unlimited,USDA,2
US Navy,USCG,13
US Navy,NOAA,3
US Navy,USDA,2
USACOE,NOAA,4
USACOE,USCG,1
USACOE,US Navy,3
USACOE,USEPA,1
USCG,US Navy,41
USCG,NPS,1
USCG,USACOE,1
USCG,NOAA,7
USDA,USFS,41
USDA,USEPA,4
USDA,NPS,1
USDA,USCG,1
USDA,USACOE,2
USDA,US Navy,1
USEPA,USDA,5
USEPA,US Navy,1
USEPA,USFS,1
USEPA,USFWS,1
USEPA,NPS,1
USEPA,NOAA,5
USEPA,USACOE,2
USFS,NPS,1
USFS,USFWS,1
USFS,USDA,4
USFWS,USDA,2
USFWS,The Nature Conservancy,4
USFWS,Seattle Aquarium,1
USFWS,NPS,9
USFWS,WDNR,1
USFWS,National Wildlife Federation,7
USFWS,WDFW,3
USFWS,NOAA,1
USFWS,NMFS,7
USFWS,National Park Service,1
USFWS,WSP,1
USFWS,USFS,2
UW,UW Tacoma,13
UW,Puget Sound Institute,1
UW,WWU,1
UW Tacoma,Puget Sound Institute,2
UW Tacoma,Point Defiance Zoo & Aquarium,1
UW Tacoma,Pierce County,1
UW Tacoma,UW,15
UW Tacoma,PNNL,2
WA State Association of Counties,Pierce County,4
WA State Association of Counties,Thurston County,3
WA State Association of Counties,Clallam County,1
WA State Association of Counties,Snohomish County,4
WA State Association of Counties,King County,6
WA State Association of Counties,WDOE,1
WA State Association of Counties,Skagit County,3
WA State Association of Counties,Association of Washington Cities,5
WA State Association of Counties,Kitsap County,4
WA State Association of Counties,WDNR,2
WA State Association of Counties,WDOH,1
WA State Association of Counties,Futurewise,1
Washington Environmental Council,Lummi Tribe,6
Washington Environmental Council,Taylor Shellfish Farms,4
Washington Environmental Council,USEPA,3
Washington Environmental Council,PSP,4
Washington Environmental Council,City of Seattle,4
Washington Environmental Council,Stewardship Partners,2
Washington Environmental Council,WDOE,20
Washington Environmental Council,Seattle Aquarium,5
Washington Environmental Council,NOAA,1
Washington Environmental Council,Sierra Club,6
Washington Environmental Council,Puget Soundkeeper Alliance ,6
Washington Environmental Council,Seattle Audubon,1
Washington Environmental Council,UW,1
Washington Environmental Council,NPS,1
Washington Environmental Council,USACOE,1
Washington Environmental Council,WDNR,6
Washington Environmental Council,RE Sources,3
Washington Environmental Council,Feet First,1
Washington Environmental Council,National Wildlife Federation,1
Washington Environmental Council,WWU/Huxley College on the Peninsulas,1
Washington Environmental Council,Long Live the Kings,1
Washington Environmental Council,OrcaNet,2
Washington Environmental Council,Nisqually River Council,1
Washington Environmental Council,SeaDoc Society,2
Washington Environmental Council,King County,1
Washington Environmental Council,Futurewise,11
Washington Environmental Council,The Nature Conservancy,1
Washington Environmental Council,Environmental Coaliton of South Seattle,3
Washington Sea Grant,WDFW,18
Washington Sea Grant,NOAA,27
Washington Sea Grant,NPS,1
Washington Sea Grant,UW,19
Washington Sea Grant,USEPA,6
Washington Sea Grant,WDOE,36
Washington Sea Grant,NMFS,14
Washington Sea Grant,Puget Soundkeeper Alliance ,1
Washington Sea Grant,Seattle Aquarium,6
Washington Sea Grant,NWFSC,11
Washington Sea Grant,PSP,16
Washington Sea Grant,WDOH,7
Washington Sea Grant,King County,4
Washington Sea Grant,Seattle Audubon,1
Washington Sea Grant,City of Olympia,1
Washington Sea Grant,Sierra Club,2
Washington Sea Grant,WWU,5
Washington Sea Grant,WSP,8
Washington Sea Grant,Feiro Marine Life Center,3
Washington Sea Grant,Citizens for a Healthy Bay,1
Washington Sea Grant,Taylor Shellfish Farms,6
Washington Sea Grant,WDNR,11
Washington Sea Grant,Puget Sound Institute,3
Washington Sea Grant,Port Townsend Marine Science Center,1
Washington Sea Grant,PNNL,4
Washington Sea Grant,Port of Tacoma,1
Washington Sea Grant,NWIFC,6
Washington Sea Grant,Washington Environmental Council,1
Washington Sea Grant,Long Live the Kings,1
Washington Sea Grant,SeaDoc Society,2
Washington Sea Grant,The Nature Conservancy,2
Washington Sea Grant,Lummi Tribe,1
Washington Sea Grant,USCG,1
WDFW,NWFSC,1
WDFW,Point Defiance Zoo & Aquarium,1
WDFW,PSP,2
WDFW,NPS,1
WDFW,Friends of the Issaquah Salmon Hatchery,2
WDFW,National Wildlife Federation,3
WDFW,WSP,7
WDFW,WDNR,2
WDFW,NWIFC,1
WDFW,WDOE,6
WDFW,Stewardship Partners,1
WDNR,City of Olympia,1
WDNR,City of Everett,1
WDNR,City of Bremerton,1
WDNR,USFWS,1
WDNR,WDFW,14
WDNR,King County,2
WDNR,City of Seattle,2
WDNR,WSP,9
WDNR,National Park Service,1
WDNR,WDOE,6
WDNR,WDOH,1
WDNR,OrcaNet,1
WDNR,USDA,2
WDNR,NOAA,1
WDNR,City of Puyallup,1
WDNR,USFS,1
WDOE,USEPA,4
WDOE,USCG,4
WDOE,King County,1
WDOE,Pierce County,1
WDOE,UW,1
WDOE,Trout Unlimited,3
WDOE,WDFW,17
WDOE,WDNR,16
WDOE,WDOH,8
WDOE,WSP,2
WDOE,USFS,6
WDOE,NOAA,3
WDOE,Snohomish County,2
WDOE,USDA,1
WDOE,The Nature Conservancy,1
WDOE,PSP,2
WDOE,Northwest Straits Commission,1
WDOE,Puget Soundkeeper Alliance ,1
WDOE,WWU,3
WDOE,City of Seattle,1
WDOE,Washington Sea Grant,4
WDOE,Washington Environmental Council,3
WDOE,WWU/Huxley College on the Peninsulas,1
WDOE,PNNL,1
WDOH,UW,1
WDOH,WDOE,3
WDOH,Kitsap Public Health District,1
WDOH,Thurston County,1
WDOH,City of Arlington,1
WDOH,King County,1
WSP,Washington Sea Grant,2
WSP,WDFW,34
WSP,Northwest Straits Commission,1
WSP,WDNR,28
WSP,WDOE,4
WSP,USFS,1
WSP,City of Bainbridge Island,1
WSP,Trout Unlimited,1
WSP,NPS,4
WSP,Harbor Wildwatch,2
WSP,WDOH,1
WSP,Snohomish County,1
WSP,USCG,1
WSP,Taylor Shellfish Farms,2
WSP,Seattle Aquarium,1
WWU,WWU/Huxley College on the Peninsulas,1
WWU,City of Bellingham,7
WWU,USEPA,1
WWU,UW,5
WWU,Nooksack Salmon Enhancement Association,1
WWU,WDOE,1
WWU,NOAA,1
WWU/Huxley College on the Peninsulas,WWU,67
WWU/Huxley College on the Peninsulas,Puget Soundkeeper Alliance ,1
WWU/Huxley College on the Peninsulas,Nooksack Salmon Enhancement Association,2
WWU/Huxley College on the Peninsulas,RE Sources,1
WWU/Huxley College on the Peninsulas,Feiro Marine Life Center,1
WWU/Huxley College on the Peninsulas,WDOE,1
WWU/Huxley College on the Peninsulas,National Wildlife Federation,1
