Association of Washington Cities,WDNR,16
Association of Washington Cities,City of Bellingham,16
Association of Washington Cities,City of Bremerton,16
Association of Washington Cities,UW,30
Association of Washington Cities,Port of Tacoma,14
Association of Washington Cities,WA State Association of Counties,240
Association of Washington Cities,City of Kirkland,76
Association of Washington Cities,City of Bothell,38
Association of Washington Cities,Snohomish County,12
Association of Washington Cities,City of Everett,39
Association of Washington Cities,City of Olympia,152
Association of Washington Cities,City of Bainbridge Island,24
Association of Washington Cities,City of Snohomish,20
Association of Washington Cities,City of Lacey,54
Association of Washington Cities,City of Kent,22
Association of Washington Cities,City of Oak Harbor,8
Association of Washington Cities,City of Seattle,53
Association of Washington Cities,City of Redmond,58
Association of Washington Cities,City of Lake Stevens,32
Association of Washington Cities,PSP,15
Association of Washington Cities,City of Bellevue,11
Association of Washington Cities,WDOH,36
Association of Washington Cities,City of Arlington,11
Association of Washington Cities,City of Puyallup,22
Association of Washington Cities,Futurewise,25
Association of Washington Cities,WDOE,74
Bainbridge Beach Naturalists,National Wildlife Federation,7
Bainbridge Beach Naturalists,NPS,11
Bainbridge Beach Naturalists,City of Bainbridge Island,5
Bainbridge Beach Naturalists,Sierra Club,139
Bainbridge Beach Naturalists,The Nature Conservancy,8
Bainbridge Beach Naturalists,Futurewise,8
Bainbridge Beach Naturalists,WDOE,15
Bainbridge Beach Naturalists,PSP,4
Bainbridge Beach Naturalists,USEPA,21
Bainbridge Beach Naturalists,Kitsap County,8
Bainbridge Beach Naturalists,Washington Environmental Council,14
Citizens for a Healthy Bay,Seattle Audubon,8
Citizens for a Healthy Bay,City of Seattle,8
Citizens for a Healthy Bay,King County,7
Citizens for a Healthy Bay,Washington Environmental Council,7
Citizens for a Healthy Bay,WDFW,6
Citizens for a Healthy Bay,NWIFC,17
Citizens for a Healthy Bay,USDA,5
Citizens for a Healthy Bay,Lummi Tribe,5
Citizens for a Healthy Bay,Puget Sound Institute,9
Citizens for a Healthy Bay,Puget Soundkeeper Alliance ,137
Citizens for a Healthy Bay,Washington Sea Grant,24
Citizens for a Healthy Bay,Seattle Aquarium,9
Citizens for a Healthy Bay,PSP,24
Citizens for a Healthy Bay,Surfrider Foundation,20
Citizens for a Healthy Bay,NMFS,27
Citizens for a Healthy Bay,NOAA,38
Citizens for a Healthy Bay,WDOH,3
Citizens for a Healthy Bay,Harbor Wildwatch,6
Citizens for a Healthy Bay,OrcaNet,26
Citizens for a Healthy Bay,WDNR,17
Citizens for a Healthy Bay,USACOE,2
Citizens for a Healthy Bay,Sierra Club,2
Citizens for a Healthy Bay,UW Tacoma,126
Citizens for a Healthy Bay,WDOE,413
Citizens for a Healthy Bay,USEPA,51
Citizens for a Healthy Bay,UW,23
Citizens for a Healthy Bay,The Nature Conservancy,4
Citizens for a Healthy Bay,Taylor Shellfish Farms,20
Citizens for a Healthy Bay,Point Defiance Zoo & Aquarium,14
Citizens for a Healthy Bay,Port of Tacoma,864
Citizens for a Healthy Bay,Pierce County,70
City of Arlington,Snohomish County,99
City of Bainbridge Island,WDNR,4
City of Bellevue,City of Bellingham,13
City of Bellevue,City of Redmond,13
City of Bellevue,King Conservation District,12
City of Bellevue,City of Newcastle,11
City of Bellevue,City of Olympia,11
City of Bellevue,King County,97
City of Bellevue,UW,19
City of Bellevue,City of Seattle,32
City of Bellevue,City of Kirkland,34
City of Bonney Lake,Pierce County,28
City of Bonney Lake,WDNR,3
City of Bothell,City of Arlington,6
City of Bothell,City of Seattle,6
City of Bothell,Feet First,5
City of Bothell,Snohomish County,34
City of Bothell,UW,4
City of Bothell,Association of Washington Cities,2
City of Everett,City of Lake Stevens,6
City of Everett,City of Mukilteo,5
City of Everett,USEPA,4
City of Everett,WDOE,14
City of Everett,Snohomish County,66
City of Everett,City of Bellevue,3
City of Kirkland,WDOH,12
City of Kirkland,WDFW,12
City of Kirkland,NPS,12
City of Kirkland,WDOE,11
City of Kirkland,WSP,22
City of Kirkland,WDNR,61
City of Kirkland,City of Redmond,43
City of Kirkland,Association of Washington Cities,70
City of Kirkland,City of Bellevue,41
City of Kirkland,Feet First,6
City of Kirkland,King County,111
City of Lacey,Association of Washington Cities,4
City of Lacey,Thurston Conservation District,4
City of Lacey,City of Bremerton,4
City of Lacey,King County,4
City of Lacey,City of Olympia,24
City of Lacey,Thurston County,64
City of Lake Stevens,City of Arlington,2
City of Lake Stevens,City of Snohomish,2
City of Lake Stevens,Association of Washington Cities,2
City of Lake Stevens,City of Redmond,2
City of Mukilteo,City of Everett,5
City of Mukilteo,Snohomish County,9
City of Newcastle,King County,2
City of Newcastle,City of Bellevue,2
City of Olympia,Nisqually Tribe,12
City of Olympia,City of Bremerton,9
City of Olympia,USEPA,9
City of Olympia,WDOE,6
City of Olympia,City of Seattle,12
City of Olympia,Association of Washington Cities,30
City of Olympia,City of Lacey,186
City of Olympia,Thurston County,139
City of Olympia,King County,2
City of Puyallup,City of Redmond,13
City of Puyallup,Stewardship Partners,16
City of Puyallup,Port of Tacoma,5
City of Puyallup,WDOE,5
City of Puyallup,WDOH,14
City of Puyallup,WDFW,9
City of Puyallup,WDNR,35
City of Puyallup,Pierce County,156
City of Puyallup,PSP,12
City of Redmond,City of Bothell,17
City of Redmond,City of Bellevue,33
City of Redmond,WDOH,33
City of Redmond,UW,13
City of Redmond,Snohomish County,12
City of Redmond,City of Puyallup,21
City of Redmond,Feet First,32
City of Redmond,Pierce County,6
City of Redmond,City of Seattle,4
City of Redmond,King County,89
City of Redmond,City of Kirkland,70
City of Seattle,City of Everett,17
City of Seattle,National Wildlife Federation,16
City of Seattle,USEPA,16
City of Seattle,WDOE,16
City of Seattle,Feet First,15
City of Seattle,City of Arlington,11
City of Seattle,Snohomish County,22
City of Seattle,WSP,8
City of Seattle,WDNR,25
City of Seattle,Seattle Aquarium,285
City of Seattle,City of Snohomish,8
City of Seattle,UW,130
City of Seattle,WDOH,4
City of Seattle,King County,181
City of Snohomish,City of Lake Stevens,11
City of Snohomish,City of Arlington,11
City of Snohomish,Snohomish County,49
City of Snohomish,City of Seattle,6
Environmental Coaliton of South Seattle,National Wildlife Federation,3
Environmental Coaliton of South Seattle,SeaDoc Society,3
Environmental Coaliton of South Seattle,Surfrider Foundation,3
Environmental Coaliton of South Seattle,Washington Environmental Council,15
Environmental Coaliton of South Seattle,PSP,6
Feet First,City of Bothell,30
Feet First,UW Tacoma,15
Feet First,City of Edmonds,13
Feet First,City of Bremerton,13
Feet First,City of Bonney Lake,26
Feet First,City of Mukilteo,12
Feet First,WDOH,24
Feet First,City of Seattle,49
Feet First,WSP,8
Feet First,NPS,60
Feet First,Washington Environmental Council,6
Feet First,National Wildlife Federation,6
Feet First,UW,21
Feet First,City of Kirkland,20
Feet First,PSP,4
Feet First,Futurewise,30
Feet First,City of Bellevue,13
Feet First,King County,18
Feet First,City of Redmond,83
Feiro Marine Life Center,NOSC,9
Feiro Marine Life Center,NatureBridge,18
Feiro Marine Life Center,NMFS,16
Feiro Marine Life Center,National Park Service,151
Feiro Marine Life Center,PNNL,41
Feiro Marine Life Center,NOAA,75
Feiro Marine Life Center,WWU/Huxley College on the Peninsulas,21
Feiro Marine Life Center,Seattle Audubon,5
Feiro Marine Life Center,UW,5
Feiro Marine Life Center,WDOE,54
Feiro Marine Life Center,SeaDoc Society,5
Feiro Marine Life Center,The Nature Conservancy,5
Feiro Marine Life Center,NWIFC,13
Feiro Marine Life Center,WDFW,32
Feiro Marine Life Center,NWFSC,26
Feiro Marine Life Center,Clallam County,33
Feiro Marine Life Center,PSP,24
Feiro Marine Life Center,Northwest Straits Commission,67
Feiro Marine Life Center,WDNR,48
Feiro Marine Life Center,Seattle Aquarium,9
Feiro Marine Life Center,Port Townsend Marine Science Center,3
Feiro Marine Life Center,NPS,23
Feiro Marine Life Center,Washington Sea Grant,40
Feiro Marine Life Center,USFS,3
Feiro Marine Life Center,Surfrider Foundation,32
Feiro Marine Life Center,WSP,21
Friends of the Issaquah Salmon Hatchery,King Conservation District,16
Friends of the Issaquah Salmon Hatchery,Trout Unlimited,16
Friends of the Issaquah Salmon Hatchery,Taylor Shellfish Farms,16
Friends of the Issaquah Salmon Hatchery,USFS,15
Friends of the Issaquah Salmon Hatchery,WDOE,32
Friends of the Issaquah Salmon Hatchery,NWIFC,43
Friends of the Issaquah Salmon Hatchery,Puget Soundkeeper Alliance ,11
Friends of the Issaquah Salmon Hatchery,NMFS,10
Friends of the Issaquah Salmon Hatchery,Sound Salmon Solutions,20
Friends of the Issaquah Salmon Hatchery,WSP,192
Friends of the Issaquah Salmon Hatchery,National Wildlife Federation,4
Friends of the Issaquah Salmon Hatchery,Washington Environmental Council,4
Friends of the Issaquah Salmon Hatchery,PSP,45
Friends of the Issaquah Salmon Hatchery,WDNR,16
Friends of the Issaquah Salmon Hatchery,WDFW,59
Futurewise,City of Bellevue,28
Futurewise,Association of Washington Cities,14
Futurewise,Taylor Shellfish Farms,56
Futurewise,Seattle Aquarium,10
Futurewise,City of Seattle,26
Futurewise,Skagit County,8
Futurewise,City of Bremerton,14
Futurewise,Nisqually River Council,6
Futurewise,Nisqually Tribe,5
Futurewise,WDOE,140
Futurewise,National Wildlife Federation,5
Futurewise,Surfrider Foundation,5
Futurewise,UW,8
Futurewise,King County,114
Futurewise,Feet First,62
Futurewise,PSP,18
Futurewise,City of Everett,17
Futurewise,Washington Environmental Council,86
Futurewise,Pierce County,16
Harbor Wildwatch,WDNR,6
Harbor Wildwatch,OrcaNet,6
Harbor Wildwatch,National Wildlife Federation,10
Hood Canal Salmon Enhancement,NWFSC,2
Hood Canal Salmon Enhancement,WDNR,2
Hood Canal Salmon Enhancement,National Park Service,2
Hood Canal Salmon Enhancement,WDOE,2
Hood Canal Salmon Enhancement,NPS,2
Hood Canal Salmon Enhancement,WDFW,2
Hood Canal Salmon Enhancement,NWIFC,4
Hood Canal Salmon Enhancement,WSP,2
King Conservation District,WDNR,2
King Conservation District,Stewardship Partners,4
King Conservation District,Friends of the Issaquah Salmon Hatchery,2
King Conservation District,NWIFC,4
King Conservation District,King County,2
King Conservation District,WDOH,2
King Conservation District,Newcastle Weed Warriors,2
King Conservation District,WSP,2
King Conservation District,WDOE,4
King County,Pierce County,31
King County,USCG,15
King County,Environmental Coaliton of South Seattle,14
King County,SPU,12
King County,City of Bellevue,24
King County,WA State Association of Counties,41
King County,King Conservation District,9
King County,City of Kirkland,8
King County,PSP,7
King County,Snohomish County,21
King County,City of Seattle,126
King County,USEPA,12
King County,WDOH,4
King County,City of Redmond,4
King County,WDOE,93
King County,WDNR,32
King County,USFS,4
King County,UW,193
Long Live the Kings,The Nature Conservancy,2
Long Live the Kings,Pierce County,2
Long Live the Kings,San Juan County,2
Long Live the Kings,WWU,2
Long Live the Kings,WDOE,2
Long Live the Kings,OrcaNet,4
Long Live the Kings,Tulalip Tribe,2
Long Live the Kings,NMFS,8
Long Live the Kings,SeaDoc Society,2
Long Live the Kings,Northwest Straits Commission,2
Long Live the Kings,PSP,20
Long Live the Kings,WDFW,2
Long Live the Kings,Taylor Shellfish Farms,2
Long Live the Kings,UW,6
Long Live the Kings,NWIFC,2
Long Live the Kings,NWFSC,2
Long Live the Kings,Seattle Aquarium,16
Long Live the Kings,Trout Unlimited,4
Mason County,USEPA,16
Mason County,USDA,4
Mason County,WDOH,46
National Park Service,Feiro Marine Life Center,3
National Park Service,Sierra Club,3
National Park Service,Clallam County,3
National Park Service,WSP,2
National Park Service,NatureBridge,5
National Park Service,NOAA,2
National Park Service,NPS,71
National Wildlife Federation,Trout Unlimited,12
National Wildlife Federation,USFWS,127
National Wildlife Federation,NOAA,48
National Wildlife Federation,USDA,8
National Wildlife Federation,Sierra Club,44
National Wildlife Federation,NMFS,66
National Wildlife Federation,NPS,52
National Wildlife Federation,The Nature Conservancy,55
National Wildlife Federation,USEPA,197
NatureBridge,Feiro Marine Life Center,23
NatureBridge,USDA,11
NatureBridge,USFS,24
NatureBridge,National Park Service,307
NatureBridge,Stanford,30
NatureBridge,NWFSC,7
NatureBridge,NOAA,34
NatureBridge,Sierra Club,64
NatureBridge,Seattle Aquarium,4
NatureBridge,The Nature Conservancy,65
NatureBridge,NPS,418
NatureBridge,National Wildlife Federation,93
Newcastle Weed Warriors,NMFS,2
Newcastle Weed Warriors,Washington Environmental Council,2
Newcastle Weed Warriors,City of Newcastle,2
Newcastle Weed Warriors,King Conservation District,4
Newcastle Weed Warriors,NOAA,2
Newcastle Weed Warriors,King County,2
Nisqually River Council,Pierce County,1
NMFS,USCG,17
NMFS,US Navy,9
NMFS,UW,8
NMFS,NWFSC,532
NMFS,NOAA,3091
NOAA,The Nature Conservancy,24
NOAA,NWFSC,11
NOAA,US Navy,43
NOAA,USCG,33
NOAA,NPS,22
NOAA,USEPA,22
NOAA,NMFS,1490
Nooksack Salmon Enhancement Association,USFWS,2
Nooksack Salmon Enhancement Association,WWU/Huxley College on the Peninsulas,4
Nooksack Salmon Enhancement Association,WDOE,4
Nooksack Salmon Enhancement Association,PSP,2
Nooksack Salmon Enhancement Association,WDFW,4
Nooksack Salmon Enhancement Association,WDNR,6
Nooksack Salmon Enhancement Association,Trout Unlimited,8
Northwest Indian College,RE Sources,1
Northwest Indian College,WWU,1
Northwest Indian College,Lummi Tribe,3
Northwest Straits Commission,Surfrider Foundation,3
Northwest Straits Commission,RE Sources,3
Northwest Straits Commission,Tulalip Tribe,3
Northwest Straits Commission,Puget Soundkeeper Alliance ,3
Northwest Straits Commission,Feiro Marine Life Center,12
Northwest Straits Commission,Snohomish County,3
Northwest Straits Commission,USEPA,3
Northwest Straits Commission,WDNR,6
Northwest Straits Commission,Seattle Aquarium,3
Northwest Straits Commission,UW,3
Northwest Straits Commission,SeaDoc Society,15
Northwest Straits Commission,Long Live the Kings,6
Northwest Straits Commission,Skagit County,2
Northwest Straits Commission,Taylor Shellfish Farms,5
Northwest Straits Commission,PSP,45
Northwest Straits Commission,NWFSC,5
Northwest Straits Commission,Washington Sea Grant,20
Northwest Straits Commission,WDFW,28
Northwest Straits Commission,WSP,2
Northwest Straits Commission,NOAA,5
Northwest Straits Commission,WDOE,2
NPS,USCG,43
NPS,USACOE,10
NPS,USFWS,117
NPS,NMFS,7
NPS,National Park Service,40
NPS,The Nature Conservancy,34
NPS,USEPA,5
NPS,NOAA,37
NPS,NatureBridge,17
NPS,USFS,38
NPS,Sierra Club,224
NPS,National Wildlife Federation,23
NWFSC,USFS,9
NWFSC,Feiro Marine Life Center,9
NWFSC,USDA,9
NWFSC,Northwest Straits Commission,9
NWFSC,King County,8
NWFSC,Northwest Indian College,17
NWFSC,SeaDoc Society,8
NWFSC,US Navy,7
NWFSC,City of Seattle,7
NWFSC,NatureBridge,7
NWFSC,Sound Experience,7
NWFSC,Washington Sea Grant,104
NWFSC,Puget Sound Institute,24
NWFSC,Stanford,13
NWFSC,USEPA,6
NWFSC,NWIFC,13
NWFSC,Seattle Aquarium,40
NWFSC,NMFS,995
NWFSC,UW,96
NWFSC,NOAA,905
NWFSC,Taylor Shellfish Farms,35
NWFSC,PSP,87
NWFSC,WDNR,17
NWFSC,WDFW,49
NWFSC,The Nature Conservancy,12
NWFSC,OrcaNet,95
OrcaNet,WDFW,8
Pierce County,City of Redmond,13
Pierce County,Snohomish County,41
Pierce County,PSP,11
Pierce County,WDOE,27
Pierce County,Port of Tacoma,41
Pierce County,UW Tacoma,57
Pierce County,King County,5
Pierce County,WDOH,21
Pierce County,City of Puyallup,92
PNNL,USDA,7
PNNL,UW,218
PNNL,NOAA,15
PNNL,Stanford,3
Point Defiance Zoo & Aquarium,Seattle Aquarium,3
Port of Tacoma,UW Tacoma,72
Port of Tacoma,Puget Soundkeeper Alliance ,14
Port of Tacoma,NOAA,13
Port of Tacoma,City of Kent,12
Port of Tacoma,UW,49
Port of Tacoma,WDFW,10
Port of Tacoma,PSP,25
Port of Tacoma,Point Defiance Zoo & Aquarium,28
Port of Tacoma,WDOE,7
Port of Tacoma,USEPA,64
Port of Tacoma,Pierce County,112
Port of Tacoma,Citizens for a Healthy Bay,846
Port Townsend Marine Science Center,WDFW,12
Port Townsend Marine Science Center,WDNR,5
Port Townsend Marine Science Center,Seattle Aquarium,5
Port Townsend Marine Science Center,WDOE,5
Port Townsend Marine Science Center,SeaDoc Society,11
Port Townsend Marine Science Center,The Nature Conservancy,10
Port Townsend Marine Science Center,OrcaNet,51
PSP,WA State Association of Counties,18
PSP,Thurston Conservation District,18
PSP,Pierce County,36
PSP,San Juan County,36
PSP,Kitsap County,18
PSP,UW,18
PSP,UW Tacoma,18
PSP,WWU/Huxley College on the Peninsulas,18
PSP,Citizens for a Healthy Bay,89
PSP,WSP,17
PSP,Long Live the Kings,161
PSP,Association of Washington Cities,17
PSP,WWU,50
PSP,Nooksack Salmon Enhancement Association,16
PSP,NMFS,50
PSP,Washington Sea Grant,67
PSP,Puget Sound Institute,99
PSP,Northwest Straits Commission,248
PSP,National Wildlife Federation,15
PSP,NWFSC,65
PSP,USEPA,120
PSP,NOAA,262
PSP,Puget Soundkeeper Alliance ,80
PSP,City of Bellingham,44
PSP,OrcaNet,28
PSP,The Nature Conservancy,60
PSP,Port of Tacoma,4
PSP,Taylor Shellfish Farms,179
PSP,Futurewise,4
PSP,NWIFC,232
PSP,Washington Environmental Council,153
PSP,SeaDoc Society,21
PSP,WDOH,45
PSP,Stewardship Partners,7
PSP,King County,3
PSP,WDNR,132
PSP,Skagit County,39
PSP,City of Seattle,3
PSP,WDOE,1025
PSP,WDFW,194
PSP,Seattle Aquarium,57
Puget Sound Institute,UW,4
Puget Sound Institute,NOAA,2
Puget Sound Institute,UW Tacoma,6
Puget Sound Institute,WDNR,2
Puget Sound Institute,USEPA,4
Puget Sound Institute,NWFSC,2
Puget Sound Institute,PSP,18
Puget Soundkeeper Alliance ,USFWS,15
Puget Soundkeeper Alliance ,Skagit County,14
Puget Soundkeeper Alliance ,Tulalip Tribe,14
Puget Soundkeeper Alliance ,UW,29
Puget Soundkeeper Alliance ,Puget Sound Institute,14
Puget Soundkeeper Alliance ,SeaDoc Society,28
Puget Soundkeeper Alliance ,Seattle Audubon,13
Puget Soundkeeper Alliance ,NMFS,27
Puget Soundkeeper Alliance ,Washington Sea Grant,55
Puget Soundkeeper Alliance ,Stewardship Partners,23
Puget Soundkeeper Alliance ,OrcaNet,134
Puget Soundkeeper Alliance ,Citizens for a Healthy Bay,125
Puget Soundkeeper Alliance ,WDNR,9
Puget Soundkeeper Alliance ,WSP,9
Puget Soundkeeper Alliance ,Seattle Aquarium,33
Puget Soundkeeper Alliance ,WDFW,52
Puget Soundkeeper Alliance ,NWFSC,63
Puget Soundkeeper Alliance ,NOAA,49
Puget Soundkeeper Alliance ,City of Seattle,9
Puget Soundkeeper Alliance ,National Wildlife Federation,20
Puget Soundkeeper Alliance ,Northwest Straits Commission,58
Puget Soundkeeper Alliance ,NPS,8
Puget Soundkeeper Alliance ,Sound Salmon Solutions,17
Puget Soundkeeper Alliance ,Washington Environmental Council,183
Puget Soundkeeper Alliance ,NWIFC,94
Puget Soundkeeper Alliance ,WDOE,181
Puget Soundkeeper Alliance ,USEPA,120
Puget Soundkeeper Alliance ,WDOH,5
Puget Soundkeeper Alliance ,Taylor Shellfish Farms,22
Puget Soundkeeper Alliance ,RE Sources,31
Puget Soundkeeper Alliance ,Sierra Club,62
Puget Soundkeeper Alliance ,PSP,54
RE Sources,OrcaNet,2
RE Sources,WWU,2
Resource Media,City of Seattle,17
Resource Media,UW,17
Resource Media,Sierra Club,25
Resource Media,USEPA,25
Resource Media,National Wildlife Federation,14
Resource Media,The Nature Conservancy,36
SeaDoc Society,NMFS,3
SeaDoc Society,Harbor Wildwatch,3
SeaDoc Society,NOAA,3
SeaDoc Society,National Wildlife Federation,3
SeaDoc Society,Washington Environmental Council,3
SeaDoc Society,WDOE,6
SeaDoc Society,NWIFC,9
SeaDoc Society,Surfrider Foundation,9
SeaDoc Society,Seattle Aquarium,9
SeaDoc Society,WDNR,6
Seattle Aquarium,SeaDoc Society,17
Seattle Aquarium,WDFW,14
Seattle Aquarium,Puget Soundkeeper Alliance ,27
Seattle Aquarium,Sound Experience,11
Seattle Aquarium,Taylor Shellfish Farms,11
Seattle Aquarium,WDOE,7
Seattle Aquarium,Harbor Wildwatch,7
Seattle Aquarium,NWFSC,16
Seattle Aquarium,NOAA,20
Seattle Aquarium,UW,11
Seattle Aquarium,Point Defiance Zoo & Aquarium,18
Seattle Audubon,Washington Sea Grant,7
Seattle Audubon,WDOH,7
Seattle Audubon,King County,7
Seattle Audubon,Puget Soundkeeper Alliance ,7
Seattle Audubon,NWFSC,14
Seattle Audubon,Sierra Club,14
Seattle Audubon,Washington Environmental Council,21
Seattle Audubon,Feiro Marine Life Center,7
Seattle Audubon,WWU/Huxley College on the Peninsulas,7
Seattle Audubon,UW,14
Seattle Audubon,National Wildlife Federation,7
Seattle Audubon,NPS,14
Seattle Audubon,The Nature Conservancy,13
Seattle Audubon,WDOE,13
Seattle Audubon,WDFW,19
Seattle Audubon,Seattle Aquarium,5
Seattle Audubon,Port Townsend Marine Science Center,10
Seattle Audubon,WSP,10
Sierra Club,USFS,29
Sierra Club,USFWS,134
Sierra Club,USDA,3
Sierra Club,NPS,373
Sierra Club,NOAA,24
Sierra Club,USEPA,336
Skagit Fisheries Enhancement,WDOE,4
Skagit Fisheries Enhancement,Skagit Land Trust,2
Skagit Fisheries Enhancement,NOAA,2
Skagit Fisheries Enhancement,OrcaNet,2
Skagit Fisheries Enhancement,Trout Unlimited,2
Skagit Fisheries Enhancement,Skagit County,2
Skagit Fisheries Enhancement,WDNR,2
Skagit Fisheries Enhancement,WDFW,2
Skagit Fisheries Enhancement,NWIFC,2
Skagit Land Trust,Northwest Straits Commission,2
Skagit Land Trust,Washington Sea Grant,2
Skagit Land Trust,Taylor Shellfish Farms,2
Skagit Land Trust,PSP,2
Snohomish County,City of Bothell,13
Snohomish County,WDNR,39
Snohomish County,City of Bellevue,13
Snohomish County,City of Snohomish,26
Snohomish County,Skagit County,26
Snohomish County,UW,12
Snohomish County,NOAA,12
Snohomish County,King County,24
Snohomish County,WA State Association of Counties,24
Snohomish County,USDA,42
Snohomish County,USACOE,16
Snohomish County,City of Mukilteo,18
Snohomish County,WDOE,68
Snohomish County,Pierce County,71
Snohomish County,City of Arlington,43
Snohomish County,City of Everett,97
Sound Experience,WDNR,11
Sound Experience,Port of Tacoma,11
Sound Experience,NatureBridge,35
Sound Experience,PSP,12
Sound Experience,WDFW,6
Sound Experience,NPS,36
Sound Experience,NWIFC,5
Sound Experience,WDOE,21
Sound Experience,Seattle Aquarium,111
Sound Experience,Port Townsend Marine Science Center,50
Sound Experience,OrcaNet,33
Sound Salmon Solutions,King Conservation District,3
Sound Salmon Solutions,Trout Unlimited,3
Sound Salmon Solutions,WDOE,3
Sound Salmon Solutions,Taylor Shellfish Farms,6
Sound Salmon Solutions,NOAA,3
Sound Salmon Solutions,NWIFC,3
Sound Salmon Solutions,The Nature Conservancy,3
Sound Salmon Solutions,National Wildlife Federation,3
Sound Salmon Solutions,City of Snohomish,3
Sound Salmon Solutions,USEPA,9
Sound Salmon Solutions,Washington Environmental Council,6
Sound Salmon Solutions,PSP,6
SPU,UW,2
SPU,WWU,2
Stewardship Partners,City of Seattle,14
Stewardship Partners,UW,7
Stewardship Partners,Kitsap County,7
Stewardship Partners,Nisqually River Council,7
Stewardship Partners,Sound Salmon Solutions,6
Stewardship Partners,WDFW,5
Stewardship Partners,King County,5
Stewardship Partners,Puget Soundkeeper Alliance ,17
Stewardship Partners,WDOE,29
Stewardship Partners,Friends of the Issaquah Salmon Hatchery,10
Stewardship Partners,Long Live the Kings,4
Stewardship Partners,NWIFC,26
Stewardship Partners,Seattle Aquarium,3
Stewardship Partners,Washington Environmental Council,3
Stewardship Partners,The Nature Conservancy,3
Stewardship Partners,PSP,3
Stewardship Partners,Skagit Land Trust,2
Surfrider Foundation,The Nature Conservancy,33
Surfrider Foundation,USEPA,135
Surfrider Foundation,NOAA,75
Surfrider Foundation,Stanford,18
Taylor Shellfish Farms,NMFS,16
Taylor Shellfish Farms,USEPA,32
Taylor Shellfish Farms,NWFSC,32
Taylor Shellfish Farms,Citizens for a Healthy Bay,31
Taylor Shellfish Farms,City of Seattle,30
Taylor Shellfish Farms,WSP,62
Taylor Shellfish Farms,Skagit Land Trust,15
Taylor Shellfish Farms,NatureBridge,14
Taylor Shellfish Farms,Sound Experience,14
Taylor Shellfish Farms,Puget Soundkeeper Alliance ,30
Taylor Shellfish Farms,Port Townsend Marine Science Center,13
Taylor Shellfish Farms,Futurewise,13
Taylor Shellfish Farms,NOAA,253
Taylor Shellfish Farms,Surfrider Foundation,11
Taylor Shellfish Farms,NWIFC,43
Taylor Shellfish Farms,Seattle Aquarium,38
Taylor Shellfish Farms,Friends of the Issaquah Salmon Hatchery,9
Taylor Shellfish Farms,Washington Environmental Council,22
Taylor Shellfish Farms,WDOE,5
Taylor Shellfish Farms,The Nature Conservancy,34
Taylor Shellfish Farms,PSP,177
The Nature Conservancy,USDA,17
The Nature Conservancy,WDNR,15
The Nature Conservancy,USFWS,30
The Nature Conservancy,NMFS,11
The Nature Conservancy,Seattle Aquarium,48
The Nature Conservancy,Surfrider Foundation,8
The Nature Conservancy,USFS,7
The Nature Conservancy,NPS,38
The Nature Conservancy,NOAA,23
Thurston Conservation District,The Nature Conservancy,6
Thurston Conservation District,USDA,6
Thurston County,City of Lacey,10
Trout Unlimited,WDFW,16
Trout Unlimited,USFWS,45
Trout Unlimited,Nooksack Salmon Enhancement Association,11
Trout Unlimited,WDOE,7
Trout Unlimited,USDA,18
Trout Unlimited,USFS,321
Trout Unlimited,NMFS,38
Trout Unlimited,The Nature Conservancy,135
Trout Unlimited,NPS,102
Trout Unlimited,USEPA,366
Trout Unlimited,National Wildlife Federation,211
Trout Unlimited,NOAA,29
US Navy,NOAA,17
US Navy,USDA,23
US Navy,USCG,122
USACOE,NPS,12
USACOE,USCG,10
USACOE,NOAA,59
USCG,US Navy,543
USCG,NOAA,117
USCG,NPS,50
USDA,NPS,13
USDA,USCG,12
USDA,USACOE,20
USDA,US Navy,21
USDA,USFS,328
USDA,USEPA,78
USEPA,US Navy,15
USEPA,USFS,14
USEPA,USFWS,13
USEPA,City of Seattle,10
USEPA,Northwest Indian College,20
USEPA,NPS,26
USEPA,USDA,79
USEPA,WDOE,16
USEPA,USACOE,28
USEPA,NOAA,88
USFS,Sierra Club,13
USFS,NOAA,12
USFS,The Nature Conservancy,53
USFS,NPS,61
USFS,USFWS,50
USFS,Trout Unlimited,3
USFS,USDA,400
USFWS,Seattle Aquarium,17
USFWS,WDNR,17
USFWS,National Park Service,12
USFWS,WDFW,52
USFWS,WSP,12
USFWS,USEPA,7
USFWS,The Nature Conservancy,49
USFWS,NOAA,26
USFWS,USCG,6
USFWS,NPS,195
USFWS,NMFS,64
USFWS,US Navy,4
USFWS,USDA,57
USFWS,USFS,35
USFWS,National Wildlife Federation,138
USFWS,USACOE,2
UW,King County,15
UW,Washington Sea Grant,14
UW,PNNL,13
UW,PSP,11
UW,City of Seattle,51
UW,UW Tacoma,122
UW,Stanford,14
UW,Port of Tacoma,6
UW,NOAA,4
UW,Seattle Audubon,3
UW,WWU,10
UW Tacoma,USEPA,13
UW Tacoma,WDOE,13
UW Tacoma,Point Defiance Zoo & Aquarium,37
UW Tacoma,Puget Sound Institute,22
UW Tacoma,PNNL,32
UW Tacoma,WWU,20
UW Tacoma,Pierce County,21
UW Tacoma,Seattle Aquarium,10
UW Tacoma,Citizens for a Healthy Bay,47
UW Tacoma,Port of Tacoma,17
UW Tacoma,UW,623
WA State Association of Counties,PSP,5
WA State Association of Counties,Taylor Shellfish Farms,5
WA State Association of Counties,Clallam County,5
WA State Association of Counties,Pierce County,20
WA State Association of Counties,Thurston County,15
WA State Association of Counties,WDFW,5
WA State Association of Counties,City of Olympia,4
WA State Association of Counties,WWU,4
WA State Association of Counties,Skagit County,9
WA State Association of Counties,WDOE,8
WA State Association of Counties,USEPA,7
WA State Association of Counties,USACOE,7
WA State Association of Counties,WDNR,12
WA State Association of Counties,Association of Washington Cities,91
WA State Association of Counties,King County,36
WA State Association of Counties,WDOH,7
WA State Association of Counties,Snohomish County,26
WA State Association of Counties,Kitsap County,27
Washington Environmental Council,WA State Association of Counties,15
Washington Environmental Council,NOAA,14
Washington Environmental Council,Seattle Audubon,42
Washington Environmental Council,NPS,14
Washington Environmental Council,NMFS,13
Washington Environmental Council,UW,13
Washington Environmental Council,Northwest Straits Commission,12
Washington Environmental Council,NWIFC,11
Washington Environmental Council,USACOE,25
Washington Environmental Council,Vashon Beach Naturalists,18
Washington Environmental Council,City of Seattle,37
Washington Environmental Council,National Wildlife Federation,7
Washington Environmental Council,Lummi Tribe,115
Washington Environmental Council,USEPA,139
Washington Environmental Council,WWU/Huxley College on the Peninsulas,6
Washington Environmental Council,Taylor Shellfish Farms,72
Washington Environmental Council,Feet First,15
Washington Environmental Council,Long Live the Kings,6
Washington Environmental Council,Nisqually River Council,6
Washington Environmental Council,SeaDoc Society,10
Washington Environmental Council,RE Sources,21
Washington Environmental Council,Puget Soundkeeper Alliance ,181
Washington Environmental Council,OrcaNet,10
Washington Environmental Council,Stewardship Partners,43
Washington Environmental Council,Seattle Aquarium,48
Washington Environmental Council,The Nature Conservancy,3
Washington Environmental Council,King County,45
Washington Environmental Council,PSP,124
Washington Environmental Council,Sierra Club,120
Washington Environmental Council,Futurewise,61
Washington Environmental Council,WDOE,366
Washington Environmental Council,Environmental Coaliton of South Seattle,19
Washington Environmental Council,WDNR,68
Washington Sea Grant,NPS,8
Washington Sea Grant,Puget Soundkeeper Alliance ,8
Washington Sea Grant,USFWS,8
Washington Sea Grant,Seattle Audubon,8
Washington Sea Grant,City of Olympia,8
Washington Sea Grant,Sierra Club,16
Washington Sea Grant,Surfrider Foundation,8
Washington Sea Grant,UW Tacoma,8
Washington Sea Grant,Northwest Straits Commission,8
Washington Sea Grant,Feiro Marine Life Center,30
Washington Sea Grant,Futurewise,6
Washington Sea Grant,Citizens for a Healthy Bay,6
Washington Sea Grant,Port Townsend Marine Science Center,5
Washington Sea Grant,WWU/Huxley College on the Peninsulas,5
Washington Sea Grant,Port of Tacoma,5
Washington Sea Grant,Washington Environmental Council,5
Washington Sea Grant,Puget Sound Institute,23
Washington Sea Grant,WDOH,72
Washington Sea Grant,King County,28
Washington Sea Grant,PSP,104
Washington Sea Grant,SeaDoc Society,7
Washington Sea Grant,Lummi Tribe,3
Washington Sea Grant,USEPA,33
Washington Sea Grant,NMFS,159
Washington Sea Grant,NWIFC,40
Washington Sea Grant,WSP,41
Washington Sea Grant,UW,149
Washington Sea Grant,WWU,20
Washington Sea Grant,WDNR,49
Washington Sea Grant,Taylor Shellfish Farms,32
Washington Sea Grant,PNNL,14
Washington Sea Grant,The Nature Conservancy,14
Washington Sea Grant,WDOE,240
Washington Sea Grant,WDFW,125
Washington Sea Grant,NWFSC,89
Washington Sea Grant,USCG,2
Washington Sea Grant,NOAA,179
Washington Sea Grant,Seattle Aquarium,44
WDFW,Point Defiance Zoo & Aquarium,17
WDFW,NWFSC,31
WDFW,National Wildlife Federation,14
WDFW,NOAA,14
WDFW,NPS,30
WDFW,Seattle Aquarium,10
WDFW,Snohomish County,9
WDFW,Washington Sea Grant,9
WDFW,NMFS,9
WDFW,NWIFC,7
WDFW,PSP,39
WDFW,USFS,19
WDFW,King County,6
WDFW,WDOE,134
WDFW,The Nature Conservancy,5
WDFW,Stewardship Partners,5
WDFW,Friends of the Issaquah Salmon Hatchery,38
WDFW,WSP,173
WDFW,WDNR,117
WDNR,City of Olympia,17
WDNR,City of Everett,17
WDNR,City of Bremerton,17
WDNR,USFWS,17
WDNR,King County,32
WDNR,National Park Service,15
WDNR,USEPA,13
WDNR,Northwest Straits Commission,25
WDNR,NWFSC,12
WDNR,City of Kirkland,11
WDNR,OrcaNet,30
WDNR,WWU,8
WDNR,USDA,16
WDNR,NWIFC,5
WDNR,NOAA,23
WDNR,Snohomish County,33
WDNR,City of Puyallup,8
WDNR,City of Seattle,19
WDNR,WDOH,28
WDNR,USFS,28
WDNR,WDFW,200
WDNR,WSP,187
WDNR,NMFS,3
WDNR,WDOE,377
WDOE,King County,17
WDOE,Pierce County,17
WDOE,City of Everett,15
WDOE,UW,30
WDOE,Lummi Tribe,13
WDOE,USDA,12
WDOE,Kitsap County,12
WDOE,The Nature Conservancy,12
WDOE,NPS,11
WDOE,National Wildlife Federation,11
WDOE,USFS,60
WDOE,WSP,59
WDOE,Northwest Straits Commission,10
WDOE,Puget Soundkeeper Alliance ,10
WDOE,Snohomish County,31
WDOE,USCG,60
WDOE,City of Seattle,22
WDOE,Washington Sea Grant,57
WDOE,Washington Environmental Council,16
WDOE,NOAA,119
WDOE,USEPA,208
WDOE,WWU/Huxley College on the Peninsulas,21
WDOE,NWFSC,23
WDOE,NMFS,7
WDOE,PNNL,14
WDOE,WWU,50
WDOE,Trout Unlimited,35
WDOE,Nooksack Salmon Enhancement Association,6
WDOE,WDOH,126
WDOE,PSP,42
WDOE,WDFW,258
WDOE,WDNR,411
WDOH,Pierce County,14
WDOH,USDA,117
WDOH,Mason County,37
WDOH,Thurston County,9
WDOH,WDOE,128
WDOH,City of Arlington,6
WDOH,WDNR,78
WDOH,WSP,12
WDOH,King County,10
WDOH,WDFW,20
Whatcom County,City of Bellingham,1
WSP,Northwest Straits Commission,17
WSP,USFS,15
WSP,Washington Sea Grant,15
WSP,City of Bainbridge Island,15
WSP,Skagit County,30
WSP,Trout Unlimited,13
WSP,Pierce County,13
WSP,City of Puyallup,13
WSP,Friends of the Issaquah Salmon Hatchery,26
WSP,WDOH,24
WSP,Snohomish County,12
WSP,USCG,10
WSP,NPS,47
WSP,Harbor Wildwatch,17
WSP,WDOE,211
WSP,Seattle Aquarium,3
WSP,WDFW,1021
WSP,Taylor Shellfish Farms,3
WSP,WDNR,249
WWU,USEPA,17
WWU,Northwest Indian College,37
WWU,WDOE,8
WWU,NOAA,8
WWU,City of Bellingham,58
WWU,UW,68
WWU,WWU/Huxley College on the Peninsulas,169
WWU/Huxley College on the Peninsulas,NPS,4
WWU/Huxley College on the Peninsulas,PSP,4
WWU/Huxley College on the Peninsulas,National Park Service,4
WWU/Huxley College on the Peninsulas,Puget Soundkeeper Alliance ,8
WWU/Huxley College on the Peninsulas,Northwest Indian College,8
WWU/Huxley College on the Peninsulas,RE Sources,4
WWU/Huxley College on the Peninsulas,Washington Environmental Council,4
WWU/Huxley College on the Peninsulas,NWIFC,4
WWU/Huxley College on the Peninsulas,WDNR,12
WWU/Huxley College on the Peninsulas,USDA,4
WWU/Huxley College on the Peninsulas,Feiro Marine Life Center,8
WWU/Huxley College on the Peninsulas,USEPA,20
WWU/Huxley College on the Peninsulas,USFS,3
WWU/Huxley College on the Peninsulas,Sierra Club,15
WWU/Huxley College on the Peninsulas,Washington Sea Grant,3
WWU/Huxley College on the Peninsulas,The Nature Conservancy,7
WWU/Huxley College on the Peninsulas,King County,3
WWU/Huxley College on the Peninsulas,WSP,3
WWU/Huxley College on the Peninsulas,Northwest Straits Commission,11
WWU/Huxley College on the Peninsulas,WDOE,36
WWU/Huxley College on the Peninsulas,WDFW,10
WWU/Huxley College on the Peninsulas,Nooksack Salmon Enhancement Association,14
WWU/Huxley College on the Peninsulas,National Wildlife Federation,20
WWU/Huxley College on the Peninsulas,WWU,435
